verse_range,verse_text,primary_label,secondary_label,occurrence_count
1 Chronicles 16:11,"Seek the LORD and his strength, seek his face continually.",8,,1
1 Chronicles 1:28,"The sons of Abraham; Isaac, and Ishmael.",8,,2
1 Chronicles 29:11,"Thine, O LORD, is the greatness, and the power, and the glory, and the victory, and the majesty: for all that is in the heaven and in the earth is thine; thine is the kingdom, O LORD, and thou art exalted as head above all.",6,,1
1 Chronicles 29:12,"Both riches and honour come of thee, and thou reignest over all; and in thine hand is power and might; and in thine hand it is to make great, and to give strength unto all.",6,,1
1 Chronicles 29:13,"Now therefore, our God, we thank thee, and praise thy glorious name.",7,,1
1 Chronicles 29:15,"For we are strangers before thee, and sojourners, as were all our fathers: our days on the earth are as a shadow, and there is none abiding.",8,,1
1 Corinthians 10:26,"For the earth is the Lord's, and the fulness thereof.",6,,1
1 Corinthians 12:12,"For as the body is one, and hath many members, and all the members of that one body, being many, are one body: so also is Christ.",1,,1
1 Corinthians 13:11,"When I was a child, I spake as a child, I understood as a child, I thought as a child: but when I became a man, I put away childish things.",8,,2
1 Corinthians 13:12,"For now we see through a glass, darkly; but then face to face: now I know in part; but then shall I know even as also I am known.",8,,8
1 Corinthians 13:13,"And now abideth faith, hope, charity, these three; but the greatest of these is charity.",2,3.0,15
1 Corinthians 13:2,"And though I have the gift of prophecy, and understand all mysteries, and all knowledge; and though I have all faith, so that I could remove mountains, and have not charity, I am nothing.",2,,1
1 Corinthians 13:4,"Charity suffereth long, and is kind; charity envieth not; charity vaunteth not itself, is not puffed up,",2,,1
1 Corinthians 13:5,"Doth not behave itself unseemly, seeketh not her own, is not easily provoked, thinketh no evil;",2,,1
1 Corinthians 13:6,"Rejoiceth not in iniquity, but rejoiceth in the truth;",5,,1
1 Corinthians 13:9,"For we know in part, and we prophesy in part.",8,,1
1 Corinthians 14:40,Let all things be done decently and in order.,8,,1
1 Corinthians 14:8,"For if the trumpet give an uncertain sound, who shall prepare himself to the battle?",8,,1
1 Corinthians 15:4,"And that he was buried, and that he rose again the third day according to the scriptures:",3,,2
1 Corinthians 15:49,"And as we have borne the image of the earthy, we shall also bear the image of the heavenly.",3,,1
1 Corinthians 15:57,"But thanks be to God, which giveth us the victory through our Lord Jesus Christ.",7,,1
1 Corinthians 2:2,"For I determined not to know any thing among you, save Jesus Christ, and him crucified.",4,,1
1 Corinthians 9:24,"Know ye not that they which run in a race run all, but one receiveth the prize? So run, that ye may obtain.",8,,1
1 John 3:11,"For this is the message that ye heard from the beginning, that we should love one another.",2,,2
1 John 3:17,"But whoso hath this world's good, and seeth his brother have need, and shutteth up his bowels of compassion from him, how dwelleth the love of God in him?",2,,1
1 John 3:18,"My little children, let us not love in word, neither in tongue; but in deed and in truth.",2,,4
1 John 4:12,"No man hath seen God at any time. If we love one another, God dwelleth in us, and his love is perfected in us.",2,,1
1 John 4:7,"Beloved, let us love one another: for love is of God; and every one that loveth is born of God, and knoweth God.",2,,1
1 John 4:8,“He that loveth not knoweth not God; for God is love.”,2,,1
1 John 4:9,"In this was manifested the love of God toward us, because that God sent his only begotten Son into the world, that we might live through him.",2,,2
1 John 5:14,"And this is the confidence that we have in him, that, if we ask any thing according to his will, he heareth us:",8,,1
1 Kings 19:12,And after the earthquake a fire; but the LORD was not in the fire: and after the fire a still small voice.,8,,1
1 Kings 3:10,"And the speech pleased the LORD, that Solomon had asked this thing.",8,,1
1 Kings 3:9,Give thy servant an understanding heart.,4,,5
1 Kings 8:57,"The LORD our God be with us, as he was with our fathers: let him not leave us, nor forsake us:",8,,1
1 Kings 8:58,"That he may incline our hearts unto him, to walk in all his ways, and to keep his commandments, and his statutes, and his judgments, which he commanded our fathers.",2,,1
1 Kings 8:60,"That all the people of the earth may know that the LORD is God, and that there is none else.",8,,1
1 Peter 1:22,"Seeing ye have purified your souls in obeying the truth through the Spirit unto unfeigned love of the brethren, see that ye love one another with a pure heart fervently:",2,,1
1 Peter 1:4,"To an inheritance incorruptible, and undefiled, and that fadeth not away, reserved in heaven for you,",3,,1
1 Peter 3:8,"Finally, be ye all of one mind, having compassion one of another, love as brethren, be pitiful, be courteous:",2,,1
1 Peter 4:10,"As every man hath received the gift, even so minister the same one to another, as good stewards of the manifold grace of God.",4,,1
1 Peter 5:2,"Feed the flock of God which is among you, taking the oversight thereof, not by constraint, but willingly; not for filthy lucre, but of a ready mind;",8,,1
1 Peter 5:7,Casting all your care upon him; for he careth for you.,8,,1
1 Samuel 20:18,"Then Jonathan said to David, To morrow is the new moon: and thou shalt be missed, because thy seat will be empty.",8,,1
1 Thessalonians 2:7,"But we were gentle among you, even as a nurse cherisheth her children:",2,,2
1 Thessalonians 5:16-18,Rejoice evermore. Pray without ceasing. In every thing give thanks: for this is the will of God in Christ Jesus concerning you.,7,,1
1 Thessalonians 5:17,Pray without ceasing.,8,,3
1 Timothy 3:1,"This is a true saying, If a man desire the office of a bishop, he desireth a good work.",8,,1
1 Timothy 4:14,"Neglect not the gift that is in thee, which was given thee by prophecy, with the laying on of the hands of the presbytery.",8,,1
2 Chronicles 1:10,"Give me now wisdom and knowledge, that I may go out and come in before this people: for who can judge this thy people, that is so great?",5,,1
2 Chronicles 7:14,"If my people, which are called by my name, shall humble themselves, and pray, and seek my face, and turn from their wicked ways; then will I hear from heaven, and will forgive their sin, and will heal their land.",1,,11
2 Corinthians 3:17,"Now the Lord is that Spirit: and where the Spirit of the Lord is, there is liberty.",8,,2
2 Corinthians 4:16,"For which cause we faint not; but though our outward man perish, yet the inward man is renewed day by day.",8,,1
2 Corinthians 4:17,"For our light affliction, which is but for a moment, worketh for us a far more exceeding and eternal weight of glory;",3,,1
2 Corinthians 4:18,"While we look not at the things which are seen, but at the things which are not seen: for the things which are seen are temporal; but the things which are not seen are eternal.",3,,1
2 Corinthians 4:8,"We are troubled on every side, yet not distressed; we are perplexed, but not in despair;",8,,1
2 Corinthians 4:9,"Persecuted, but not forsaken; cast down, but not destroyed;",8,,2
2 Corinthians 5:1,"For we know that if our earthly house of this tabernacle were dissolved, we have a building of God, an house not made with hands, eternal in the heavens.",3,,1
2 Corinthians 5:17,"Therefore if any man be in Christ, he is a new creature: old things are passed away; behold, all things are become new.",8,,1
2 Corinthians 5:7,"(For we walk by faith, not by sight:)",3,,3
2 Corinthians 7:16,I rejoice therefore that I have confidence in you in all things.,7,,1
2 Corinthians 9:7,"Every man according as he purposeth in his heart, so let him give; not grudgingly, or of necessity: for God loveth a cheerful giver.",8,,1
2 Peter 1:10,"Wherefore the rather, brethren, give diligence to make your calling and election sure: for if ye do these things, ye shall never fall:",1,,1
2 Peter 1:5,"And beside this, giving all diligence, add to your faith virtue; and to virtue knowledge;",3,,1
2 Peter 1:6,And to knowledge temperance; and to temperance patience; and to patience godliness;,8,,1
2 Peter 1:7,And to godliness brotherly kindness; and to brotherly kindness charity.,2,,1
2 Peter 1:8,"For if these things be in you, and abound, they make you that ye shall neither be barren nor unfruitful in the knowledge of our Lord Jesus Christ.",8,,1
2 Peter 3:13,"Nevertheless we, according to his promise, look for new heavens and a new earth, wherein dwelleth righteousness.",5,,1
2 Samuel 7:10,"Moreover I will appoint a place for my people Israel, and will plant them, that they may dwell in a place of their own, and move no more; neither shall the children of wickedness afflict them any more, as beforetime,",8,,1
2 Thessalonians 3:13,"But ye, brethren, be not weary in well doing.",1,,2
2 Timothy 1:5,"When I call to remembrance the unfeigned faith that is in thee, which dwelt first in thy grandmother Lois, and thy mother Eunice; and I am persuaded that in thee also.",3,,1
2 Timothy 1:6,"Wherefore I put thee in remembrance that thou stir up the gift of God, which is in thee by the putting on of my hands.",8,,1
2 Timothy 1:7,"For God hath not given us the spirit of fear; but of power, and of love, and of a sound mind.",2,,2
2 Timothy 4:2,"Preach the word; be instant in season, out of season; reprove, rebuke, exhort with all longsuffering and doctrine.",5,,1
2 Timothy 4:22,The Lord Jesus Christ be with thy spirit. Grace be with you. Amen.,8,,1
2 Timothy 4:7,"I have fought a good fight, I have finished my course, I have kept the faith:",3,,14
3 John 1:4,I have no greater joy than to hear that my children walk in truth.,7,,1
Acts 13:26,"Men and brethren, children of the stock of Abraham, and whosoever among you feareth God, to you is the word of this salvation sent.",3,,1
Acts 15:9,"And put no difference between us and them, purifying their hearts by faith.",3,,1
Acts 17:26,"And hath made of one blood all nations of men for to dwell on all the face of the earth, and hath determined the times before appointed, and the bounds of their habitation;",8,,1
Acts 19:32,"Some therefore cried one thing, and some another: for the assembly was confused; and the more part knew not wherefore they were come together.",8,,2
Acts 20:35,"I have shewed you all things, how that so labouring ye ought to support the weak, and to remember the words of the Lord Jesus, how he said, It is more blessed to give than to receive.",8,,1
Acts 27:29,"Then fearing lest we should have fallen upon rocks, they cast four anchors out of the stern, and wished for the day.",8,,1
Acts 2:17,"And it shall come to pass in the last days, saith God, I will pour out of my Spirit upon all flesh: and your sons and your daughters shall prophesy, and your young men shall see visions, and your old men shall dream dreams:",8,,1
Acts 3:6,"Then Peter said, Silver and gold have I none; but such as I have give I thee: In the name of Jesus Christ of Nazareth rise up and walk.",8,,1
Acts 4:19,"But Peter and John answered and said unto them, Whether it be right in the sight of God to hearken unto you more than unto God, judge ye.",5,,1
Acts 5:29,"Then Peter and the other apostles answered and said, We ought to obey God rather than men.",2,,1
Acts 6:4,"But we will give ourselves continually to prayer, and to the ministry of the word.",4,,1
Acts 8:5,"Then Philip went down to the city of Samaria, and preached Christ unto them.",8,,1
Acts 8:6,"And the people with one accord gave heed unto those things which Philip spake, hearing and seeing the miracles which he did.",8,,1
Acts 8:7,"For unclean spirits, crying with loud voice, came out of many that were possessed with them: and many taken with palsies, and that were lame, were healed.",8,,1
Acts 8:8,And there was great joy in that city.,7,,1
Amos 5:15,"Hate the evil, and love the good, and establish judgment in the gate: it may be that the LORD God of hosts will be gracious unto the remnant of Joseph.",5,2.0,1
Amos 5:24,"But let judgment run down as waters, and righteousness as a mighty stream.",5,,13
Colossians 1:15,"Who is the image of the invisible God, the firstborn of every creature:",8,,1
Colossians 3:11,"Where there is neither Greek nor Jew, circumcision nor uncircumcision, Barbarian, Scythian, bond nor free: but Christ is all, and in all.",8,,1
Daniel 5:25,"And this is the writing that was written, MENE, MENE, TEKEL, UPHARSIN.",8,,1
Deuteronomy 10:12,"And now, Israel, what doth the LORD thy God require of thee, but to fear the LORD thy God, to walk in all his ways, and to love him, and to serve the LORD thy God with all thy heart and with all thy soul,",2,4.0,1
Deuteronomy 10:19,Love ye therefore the stranger: for ye were strangers in the land of Egypt.,2,,2
Deuteronomy 11:26,"Behold, I set before you this day a blessing and a curse;",8,,1
Deuteronomy 15:11,"For the poor shall never cease out of the land: therefore I command thee, saying, Thou shalt open thine hand wide unto thy brother, to thy poor, and to thy needy, in thy land.",1,,2
Deuteronomy 29:4,"Yet the LORD hath not given you an heart to perceive, and eyes to see, and ears to hear, unto this day.",8,,1
Deuteronomy 30:14,"But the word is very nigh unto thee, in thy mouth, and in thy heart, that thou mayest do it.",8,,1
Deuteronomy 30:19,"I call heaven and earth to record this day against you, that I have set before you life and death, blessing and cursing: therefore choose life, that both thou and thy seed may live:",8,,8
Deuteronomy 31:6,"Be strong and of a good courage, fear not, nor be afraid of them: for the LORD thy God, he it is that doth go with thee; he will not fail thee, nor forsake thee.",8,,1
Deuteronomy 31:8,"And the LORD, he it is that doth go before thee; he will be with thee, he will not fail thee, neither forsake thee: fear not, neither be dismayed.",8,,1
Deuteronomy 33:27,"The eternal God is thy refuge, and underneath are the everlasting arms: and he shall thrust out the enemy from before thee; and shall say, Destroy them.",3,,1
Deuteronomy 4:29,"But if from thence thou shalt seek the LORD thy God, thou shalt find him, if thou seek him with all thy heart and with all thy soul.",8,,1
Deuteronomy 5:17,Thou shalt not kill.,8,,2
Deuteronomy 5:7,Thou shalt have none other gods before me.,8,,1
Deuteronomy 6:5,"And thou shalt love the LORD thy God with all thine heart, and with all thy soul, and with all thy might.",2,,7
Ecclesiastes 11:1,Cast thy bread upon the waters: for thou shalt find it after many days.,8,,2
Ecclesiastes 11:4,He that observeth the wind shall not sow; and he that regardeth the clouds shall not reap.,8,,1
Ecclesiastes 1:4,"One generation passeth away, and another generation cometh: but the earth abideth for ever.",8,,2
Ecclesiastes 3:1,"To every thing there is a season, and a time to every purpose under the heaven:",8,,9
Ecclesiastes 3:2,"A time to be born, and a time to die; a time to plant, and a time to pluck up that which was planted",8,,2
Ecclesiastes 3:3,"A time to kill, and a time to heal; a time to break down, and a time to build up",8,,7
Ecclesiastes 3:4,"A time to weep, and a time to laugh; a time to mourn, and a time to dance",8,,2
Ecclesiastes 3:5,"A time to cast away stones, and a time to gather stones together; a time to embrace, and a time to refrain from embracing;",8,,2
Ecclesiastes 3:6,"A time to get, and a time to lose; a time to keep, and a time to cast away;",8,,1
Ecclesiastes 3:7,"A time to rend, and a time to sew; a time to keep silence, and a time to speak;",8,,1
Ecclesiastes 3:8,"A time to love, and a time to hate; a time of war, and a time of peace.",1,2.0,5
Ecclesiastes 3:9,What do workers gain from their toil?,8,,2
Ephesians 2:17,"And came and preached peace to you which were afar off, and to them that were nigh.",1,,1
Ephesians 2:19,"Now therefore ye are no more strangers and foreigners, but fellowcitizens with the saints, and of the household of God;",8,,1
Ephesians 4:25,"Wherefore putting away lying, speak every man truth with his neighbour: for we are members one of another.",2,,1
Ephesians 5:8,"For ye were sometimes darkness, but now are ye light in the Lord: walk as children of light:",8,,1
Ephesians 6:11,"Put on the whole armour of God, that ye may be able to stand against the wiles of the devil.",8,,1
Ephesians 6:2,Honour thy father and mother; which is the first commandment with promise;,3,,4
Exodus 14:15,"And the LORD said unto Moses, Wherefore criest thou unto me? speak unto the children of Israel, that they go forward:",8,,1
Exodus 16:15,"And when the children of Israel saw it, they said one to another, It is manna: for they wist not what it was. And Moses said unto them, This is the bread which the Lord hath given you to eat.",8,,1
Exodus 16:2,And the whole congregation of the children of Israel murmured against Moses and Aaron in the wilderness:,8,,1
Exodus 16:30,So the people rested on the seventh day.,8,,1
Exodus 17:11,"And it came to pass, when Moses held up his hand, that Israel prevailed: and when he let down his hand, Amalek prevailed.",8,,2
Exodus 17:12,"But Moses' hands were heavy; and they took a stone, and put it under him, and he sat thereon; and Aaron and Hur stayed up his hands, the one on the one side, and the other on the other side; and his hands were steady until the going down of the sun.",8,,1
Exodus 18:23,"If thou shalt do this thing, and God command thee so, then thou shalt be able to endure, and all this people shall also go to their place in peace.",1,,1
Exodus 19:4,"Ye have seen what I did unto the Egyptians, and how I bare you on eagles' wings, and brought you unto myself.",8,,1
Exodus 20:13,Thou shalt not kill.,8,,2
Exodus 20:16,Thou shalt not bear false witness against thy neighbour.,2,,2
Exodus 20:3,Thou shalt have no other gods before me.,8,,2
Exodus 20:8,"Remember the sabbath day, to keep it holy.",8,,1
Exodus 22:21,"Thou shalt neither vex a stranger, nor oppress him: for ye were strangers in the land of Egypt.,",8,,2
Exodus 22:6,"If fire break out, and catch in thorns, so that the stacks of corn, or the standing corn, or the field, be consumed therewith; he that kindled the fire shall surely make restitution.",8,,1
Exodus 23:9,"Also thou shalt not oppress a stranger: for ye know the heart of a stranger, seeing ye were strangers in the land of Egypt.",8,,2
Exodus 6:6,"Wherefore say unto the children of Israel, I am the LORD, and I will bring you out from under the burdens of the Egyptians, and I will rid you out of their bondage, and I will redeem you with a stretched out arm, and with great judgments:",8,,1
Ezekiel 36:26,"A new heart also will I give you, and a new spirit will I put within you: and I will take away the stony heart out of your flesh, and I will give you an heart of flesh.",8,,1
Ezekiel 36:35,"And they shall say, This land that was desolate is become like the garden of Eden; and the waste and desolate and ruined cities are become fenced, and are inhabited.",8,,1
Ezekiel 37:26,"Moreover I will make a covenant of peace with them; it shall be an everlasting covenant with them: and I will place them, and multiply them, and will set my sanctuary in the midst of them for evermore.",1,3.0,1
Ezekiel 7:23,"Make a chain: for the land is full of bloody crimes, and the city is full of violence.",8,,2
Ezra 3:11,"And they sang together by course in praising and giving thanks unto the Lord; because he is good, for his mercy endureth for ever toward Israel. And all the people shouted with a great shout, when they praised the Lord, because the foundation of the house of the Lord was laid.",7,,1
Ezra 3:12,"But many of the priests and Levites and chief of the fathers, who were ancient men, that had seen the first house, when the foundation of this house was laid before their eyes, wept with a loud voice; and many shouted aloud for joy:",7,,1
Galatians 3:26,For ye are all the children of God by faith in Christ Jesus.,3,,1
Galatians 5:14,"For all the law is fulfilled in one word, even in this; Thou shalt love thy neighbour as thyself.",2,,4
Galatians 5:22,"But the fruit of the Spirit is love, joy, peace, longsuffering, gentleness, goodness, faith,",2,1.0,1
Galatians 6:10,"As we have therefore opportunity, let us do good unto all men, especially unto them who are of the household of faith.",3,,2
Galatians 6:2,"Bear ye one another's burdens, and so fulfil the law of Christ.",5,,3
Galatians 6:5,For every man shall bear his own burden.,8,,1
Galatians 6:9,"And let us not be weary in well doing: for in due season we shall reap, if we faint not.",8,,14
Genesis 13:17,"Arise, walk through the land in the length of it and in the breadth of it; for I will give it unto thee.",8,,1
Genesis 13:8,"And Abram said unto Lot, Let there be no strife, I pray thee, between me and thee, and between my herdmen and thy herdmen; for we be brethren.",1,,3
Genesis 17:4,"As for me, behold, my covenant is with thee, and thou shalt be a father of many nations.",8,,1
Genesis 1:1,In the beginning God created the heaven and the earth.,8,,2
Genesis 1:27,"So God created man in his own image, in the image of God created he him; male and female created he them.",8,,2
Genesis 1:28,"And God blessed them, and God said unto them, Be fruitful, and multiply, and replenish the earth, and subdue it: and have dominion over the fish of the sea, and over the fowl of the air, and over every living thing that moveth upon the earth.",6,,1
Genesis 1:3,"And God said, Let there be light: and there was light.",8,,3
Genesis 25:9,"And his sons Isaac and Ishmael buried him in the cave of Machpelah, in the field of Ephron the son of Zohar the Hittite, which is before Mamre;",8,,1
Genesis 30:28,"And he said, Appoint me thy wages, and I will give it.",8,,1
Genesis 37:3,"Now Israel loved Joseph more than all his children, because he was the son of his old age: and he made him a coat of many colours.",8,,1
Genesis 41:11,"And we dreamed a dream in one night, I and he; we dreamed each man according to the interpretation of his dream.",8,,1
Genesis 4:9,"And the Lord said unto Cain, Where is Abel thy brother? And he said, I know not: Am I my brother's keeper?",1,,1
Genesis 8:11,"And the dove came in to him in the evening; and, lo, in her mouth was an olive leaf pluckt off: so Noah knew that the waters were abated from off the earth.",8,,1
Genesis 9:6,"Whoso sheddeth man's blood, by man shall his blood be shed: for in the image of God made he man.",8,,1
Hebrews 11:1,"Now faith is the substance of things hoped for, the evidence of things not seen.",3,,17
Hebrews 11:6,"But without faith it is impossible to please him: for he that cometh to God must believe that he is, and that he is a rewarder of them that diligently seek him.",3,,1
Hebrews 12:1,"Wherefore seeing we also are compassed about with so great a cloud of witnesses, let us lay aside every weight, and the sin which doth so easily beset us, and let us run with patience the race that is set before us,",5,,1
Hebrews 13:8,"Jesus Christ the same yesterday, and to day, and for ever.",8,,1
Hebrews 2:7,"Thou madest him a little lower than the angels; thou crownedst him with glory and honour, and didst set him over the works of thy hands:",8,,1
Hosea 2:15,"And I will give her her vineyards from thence, and the valley of Achor for a door of hope: and she shall sing there, as in the days of her youth, and as in the day when she came up out of the land of Egypt.",3,7.0,1
Isaiah 11:12,"And he shall set up an ensign for the nations, and shall assemble the outcasts of Israel, and gather together the dispersed of Judah from the four corners of the earth.",8,,1
Isaiah 11:2,"And the spirit of the LORD shall rest upon him, the spirit of wisdom and understanding, the spirit of counsel and might, the spirit of knowledge and of the fear of the LORD;",8,,1
Isaiah 11:6,"The wolf also shall dwell with the lamb, and the leopard shall lie down with the kid; and the calf and the young lion and the fatling together; and a little child shall lead them.",8,,1
Isaiah 1:17,"Learn to do well; seek judgment, relieve the oppressed, judge the fatherless, plead for the widow.",5,,5
Isaiah 2:4,"And he shall judge among the nations, and shall rebuke many people: and they shall beat their swords into plowshares, and their spears into pruninghooks: nation shall not lift up sword against nation, neither shall they learn war any more.",5,,10
Isaiah 32:17,And the work of righteousness shall be peace; and the effect of righteousness quietness and assurance for ever.,1,5.0,4
Isaiah 32:2,"And a man shall be as an hiding place from the wind, and a covert from the tempest; as rivers of water in a dry place, as the shadow of a great rock in a weary land.",8,,1
Isaiah 33:22,"For the LORD is our judge, the LORD is our lawgiver, the LORD is our king; he will save us.",5,,1
Isaiah 35:1,"The wilderness and the solitary place shall be glad for them; and the desert shall rejoice, and blossom as the rose.",7,,1
Isaiah 40:29,He giveth power to the faint; and to them that have no might he increaseth strength.,6,,2
Isaiah 40:31,"But they that wait upon the LORD shall renew their strength; they shall mount up with wings as eagles; they shall run, and not be weary; and they shall walk, and not faint.",8,,18
Isaiah 40:4,"Every valley shall be exalted, and every mountain and hill shall be made low: and the crooked shall be made straight, and the rough places plain:",6,,2
Isaiah 40:8,"The grass withereth, the flower fadeth: but the word of our God shall stand for ever.",8,,3
Isaiah 42:3,"A bruised reed shall he not break, and the smoking flax shall he not quench: he shall bring forth judgment unto truth.",5,,1
Isaiah 43:1,"But now thus saith the Lord that created thee, O Jacob, and he that formed thee, O Israel, Fear not: for I have redeemed thee, I have called thee by thy name; thou art mine.",8,,2
Isaiah 48:22,"There is no peace, saith the LORD, unto the wicked.",1,,1
Isaiah 50:4,"The Lord GOD hath given me the tongue of the learned, that I should know how to speak a word in season to him that is weary: he wakeneth morning by morning, he wakeneth mine ear to hear as the learned.",8,,1
Isaiah 52:7,"How beautiful upon the mountains are the feet of him that bringeth good tidings, that publisheth peace; that bringeth good tidings of good, that publisheth salvation; that saith unto Zion, Thy God reigneth!",1,3.0,1
Isaiah 53:5,"But he was wounded for our transgressions, he was bruised for our iniquities: the chastisement of our peace was upon him; and with his stripes we are healed.",1,,1
Isaiah 56:5,"Even unto them will I give in mine house and within my walls a place and a name better than of sons and of daughters: I will give them an everlasting name, that shall not be cut off.",3,,1
Isaiah 57:19,"I create the fruit of the lips; Peace, peace to him that is far off, and to him that is near, saith the LORD; and I will heal him.",1,,1
Isaiah 58:10,"And if thou draw out thy soul to the hungry, and satisfy the afflicted soul; then shall thy light rise in obscurity, and thy darkness be as the noon day:",8,,1
Isaiah 58:12,"And they that shall be of thee shall build the old waste places: thou shalt raise up the foundations of many generations; and thou shalt be called, The repairer of the breach, The restorer of paths to dwell in.",8,,2
Isaiah 58:6,"Is not this the fast that I have chosen? to loose the bands of wickedness, to undo the heavy burdens, and to let the oppressed go free, and that ye break every yoke?",8,,1
Isaiah 59:21,"As for me, this is my covenant with them, saith the LORD; My spirit that is upon thee, and my words which I have put in thy mouth, shall not depart out of thy mouth, nor out of the mouth of thy seed, nor out of the mouth of thy seed's seed, saith the LORD, from henceforth and for ever.",8,,1
Isaiah 60:18,"Violence shall no more be heard in thy land, wasting nor destruction within thy borders; but thou shalt call thy walls Salvation, and thy gates Praise.",3,7.0,1
Isaiah 61:1,"The Spirit of the Lord GOD is upon me; because the LORD hath anointed me to preach good tidings unto the meek; he hath sent me to bind up the brokenhearted, to proclaim liberty to the captives, and the opening of the prison to them that are bound;",2,,1
Isaiah 61:11,"For as the earth bringeth forth her bud, and as the garden causeth the things that are sown in it to spring forth; so the Lord GOD will cause righteousness and praise to spring forth before all the nations.",5,7.0,1
Isaiah 65:19,"And I will rejoice in Jerusalem, and joy in my people: and the voice of weeping shall be no more heard in her, nor the voice of crying.",7,,1
Isaiah 6:8,"Also I heard the voice of the Lord, saying, Whom shall I send, and who will go for us? Then said I, Here am I; send me.",8,,6
James 1:17,"Every good gift and every perfect gift is from above, and cometh down from the Father of lights, with whom is no variableness, neither shadow of turning.",8,,1
James 1:19,"Wherefore, my beloved brethren, let every man be swift to hear, slow to speak, slow to wrath:",1,,1
James 1:22,"But be ye doers of the word, and not hearers only, deceiving your own selves.",8,,5
James 2:20,"But wilt thou know, O vain man, that faith without works is dead?",3,,8
James 2:26,"For as the body without the spirit is dead, so faith without works is dead also.",3,,3
James 2:8,"If ye fulfil the royal law according to the scripture, Thou shalt love thy neighbour as thyself, ye do well:",2,,3
James 3:18,And the fruit of righteousness is sown in peace of them that make peace.,1,5.0,1
James 5:16,"Confess your faults one to another, and pray one for another, that ye may be healed. The effectual fervent prayer of a righteous man availeth much.",5,,2
Jeremiah 29:11,"For I know the thoughts that I think toward you, saith the LORD, thoughts of peace, and not of evil, to give you an expected end.",1,,1
Jeremiah 2:13,"For my people have committed two evils; they have forsaken me the fountain of living waters, and hewed them out cisterns, broken cisterns, that can hold no water.",8,,1
Jeremiah 51:10,"The LORD hath brought forth our righteousness: come, and let us declare in Zion the work of the LORD our God.",5,,1
Jeremiah 6:14,"They have healed also the hurt of the daughter of my people slightly, saying, Peace, peace; when there is no peace.",1,,2
Jeremiah 8:11,"For they have healed the hurt of the daughter of my people slightly, saying, Peace, peace; when there is no peace.",1,,1
Jeremiah 8:20,"The harvest is past, the summer is ended, and we are not saved.",3,,2
Job 12:13,"With him is wisdom and strength, he hath counsel and understanding.",8,,1
Job 12:8,"Or speak to the earth, and it shall teach thee: and the fishes of the sea shall declare unto thee.",8,,1
Job 14:7,"For there is hope of a tree, if it be cut down, that it will sprout again, and that the tender branch thereof will not cease.",3,,1
Job 24:12,"Men groan from out of the city, and the soul of the wounded crieth out: yet God layeth not folly to them.",8,,1
Job 30:26,"When I looked for good, then evil came unto me: and when I waited for light, there came darkness.",5,,1
Job 38:11,"And said, Hitherto shalt thou come, but no further: and here shall thy proud waves be stayed?",8,,1
Job 38:7,"When the morning stars sang together, and all the sons of God shouted for joy?",7,,2
Job 5:7,"Yet man is born unto trouble, as the sparks fly upward.",8,,2
Joel 1:2,"Hear this, ye old men, and give ear, all ye inhabitants of the land. Hath this been in your days, or even in the days of your fathers?",8,,1
Joel 1:3,"Tell ye your children of it, and let your children tell their children, and their children another generation.",8,,1
Joel 2:28,"And it shall come to pass afterward, that I will pour out my spirit upon all flesh; and your sons and your daughters shall prophesy, your old men shall dream dreams, your young men shall see visions:",8,,1
John 10:28,"And I give unto them eternal life; and they shall never perish, neither shall any man pluck them out of my hand.",3,,1
John 13:34,"A new commandment I give unto you, That ye love one another; as I have loved you, that ye also love one another.",2,,2
John 13:35,"By this shall all men know that ye are my disciples, if ye have love one to another.",2,,1
John 15:12,"This is my commandment, That ye love one another, as I have loved you.",2,,3
John 15:13,"Greater love hath no man than this, that a man lay down his life for his friends.",2,,25
John 15:17,"These things I command you, that ye love one another.",2,,5
John 15:5,"I am the vine, ye are the branches: He that abideth in me, and I in him, the same bringeth forth much fruit: for without me ye can do nothing.",8,,1
John 16:16,"A little while, and ye shall not see me: and again, a little while, and ye shall see me, because I go to the Father.",8,,1
John 16:33,"These things I have spoken unto you, that in me ye might have peace. In the world ye shall have tribulation: but be of good cheer; I have overcome the world.",1,,1
John 17:11,"And now I am no more in the world, but these are in the world, and I come to thee. Holy Father, keep through thine own name those whom thou hast given me, that they may be one, as we are.",8,,1
John 17:22,"And the glory which thou gavest me I have given them; that they may be one, even as we are one:",8,,1
John 1:1,"In the beginning was the Word, and the Word was with God, and the Word was God.",8,,3
John 1:5,And the light shineth in darkness; and the darkness comprehended it not.,8,,7
John 1:7,"The same came for a witness, to bear witness of the Light, that all men through him might believe.",8,,1
John 3:16,"For God so loved the world, that he gave his only begotten Son, that whosoever believeth in him should not perish, but have everlasting life.",3,,7
John 3:7,"Marvel not that I said unto thee, Ye must be born again.",8,,1
John 4:44,"For Jesus himself testified, that a prophet hath no honour in his own country.",8,,1
John 8:32,"And ye shall know the truth, and the truth shall make you free.",8,,18
Joshua 1:5,"There shall not any man be able to stand before thee all the days of thy life: as I was with Moses, so I will be with thee: I will not fail thee, nor forsake thee.",8,,1
Joshua 1:9,"Have not I commanded thee? Be strong and of a good courage; be not afraid, neither be thou dismayed: for the LORD thy God is with thee whithersoever thou goest.",8,,5
Jude 1:22,"And of some have compassion, making a difference:",2,,3
Lamentations 3:35,"To turn aside the right of a man before the face of the most High,",6,,2
Leviticus 14:26,And the priest shall pour of the oil into the palm of his own left hand:,8,,2
Leviticus 19:18,"Thou shalt not avenge, nor bear any grudge against the children of thy people, but thou shalt love thy neighbour as thyself: I am the Lord.",2,,4
Luke 10:27,"And he answering said, Thou shalt love the Lord thy God with all thy heart, and with all thy soul, and with all thy strength, and with all thy mind; and thy neighbour as thyself.",2,,7
Luke 10:30,"And Jesus answering said, A certain man went down from Jerusalem to Jericho, and fell among thieves, which stripped him of his raiment, and wounded him, and departed, leaving him half dead.",8,,2
Luke 10:34,"And went to him, and bound up his wounds, pouring in oil and wine, and set him on his own beast, and brought him to an inn, and took care of him.",8,,1
Luke 10:5,"And into whatsoever house ye enter, first say, Peace be to this house.",1,,1
Luke 11:11,"If a son shall ask bread of any of you that is a father, will he give him a stone? or if he ask a fish, will he for a fish give him a serpent?",8,,2
Luke 11:12,"Or if he shall ask an egg, will he offer him a scorpion?",4,,2
Luke 11:17,"But he, knowing their thoughts, said unto them, Every kingdom divided against itself is brought to desolation; and a house divided against a house falleth.",6,,1
Luke 11:21,"When a strong man armed keepeth his palace, his goods are in peace:",1,,5
Luke 11:3,Give us day by day our daily bread.,8,,5
Luke 11:46,"And he said, Woe unto you also, ye lawyers! for ye lade men with burdens grievous to be borne, and ye yourselves touch not the burdens with one of your fingers.",8,,1
Luke 11:9,"And I say unto you, Ask, and it shall be given you; seek, and ye shall find; knock, and it shall be opened unto you.",8,,1
Luke 12:48,"But he that knew not, and did commit things worthy of stripes, shall be beaten with few stripes. For unto whomsoever much is given, of him shall be much required: and to whom men have committed much, of him they will ask the more.",8,,2
Luke 16:8,"And the lord commended the unjust steward, because he had done wisely: for the children of this world are in their generation wiser than the children of light.",8,,1
Luke 17:2,"It were better for him that a millstone were hanged about his neck, and he cast into the sea, than that he should offend one of these little ones.",8,,1
Luke 18:16,"But Jesus called them unto him, and said, Suffer little children to come unto me, and forbid them not: for of such is the kingdom of God.",6,,1
Luke 18:27,"And he said, The things which are impossible with men are possible with God.",8,,1
Luke 1:37,For with God nothing shall be impossible.,8,,1
Luke 1:38,"And Mary said, Behold the handmaid of the Lord; be it unto me according to thy word. And the angel departed from her.",8,,1
Luke 1:79,"To give light to them that sit in darkness and in the shadow of death, to guide our feet into the way of peace.",1,,4
Luke 20:25,"And he said unto them, Render therefore unto Caesar the things which be Caesar's, and unto God the things which be God's.",8,,2
Luke 22:42,"Saying, Father, if thou be willing, remove this cup from me: nevertheless not my will, but thine, be done.",8,,1
Luke 22:50,"And one of them smote the servant of the high priest, and cut off his right ear.",4,,1
Luke 23:34,"Then said Jesus, Father, forgive them; for they know not what they do. And they parted his raiment, and cast lots.",1,,2
Luke 2:10,"And the angel said unto them, Fear not: for, behold, I bring you good tidings of great joy, which shall be to all people.",7,,3
Luke 2:11,"For unto you is born this day in the city of David a Saviour, which is Christ the Lord.",8,,4
Luke 2:12,"And this shall be a sign unto you; Ye shall find the babe wrapped in swaddling clothes, lying in a manger.",8,,2
Luke 2:13,"And suddenly there was with the angel a multitude of the heavenly host praising God, and saying,",3,,3
Luke 2:14,"Glory to God in the highest, and on earth peace, good will toward men.",1,,29
Luke 2:29,"Lord, now lettest thou thy servant depart in peace, according to thy word:",1,,1
Luke 2:30,"For mine eyes have seen thy salvation,",3,,1
Luke 2:7,"And she brought forth her firstborn son, and wrapped him in swaddling clothes, and laid him in a manger; because there was no room for them in the inn.",8,,1
Luke 2:8,"And there were in the same country shepherds abiding in the field, keeping watch over their flock by night.",8,,3
Luke 2:9,"And, lo, the angel of the Lord came upon them, and the glory of the Lord shone round about them: and they were sore afraid.",8,,3
Luke 4:24,"And he said, Verily I say unto you, No prophet is accepted in his own country.",8,,1
Luke 4:4,"And Jesus answered him, saying, It is written, That man shall not live by bread alone, but by every word of God.",8,,4
Luke 6:21,Blessed are ye that hunger now: for ye shall be filled. Blessed are ye that weep now: for ye shall laugh.,8,,1
Luke 6:31,"And as ye would that men should do to you, do ye also to them likewise.",8,,1
Luke 6:48,"He is like a man which built an house, and digged deep, and laid the foundation on a rock: and when the flood arose, the stream beat vehemently upon that house, and could not shake it: for it was founded upon a rock.",8,,2
Luke 9:25,"For what is a man advantaged, if he gain the whole world, and lose himself, or be cast away?",8,,1
Luke 9:58,"And Jesus said unto him, Foxes have holes, and birds of the air have nests; but the Son of man hath not where to lay his head.",8,,1
Luke 9:62,"And Jesus said unto him, No man, having put his hand to the plough, and looking back, is fit for the kingdom of God.",6,,1
Malachi 2:10,"Have we not all one father? hath not one God created us? why do we deal treacherously every man against his brother, by profaning the covenant of our fathers?",1,,3
Malachi 4:6,"And he shall turn the heart of the fathers to the children, and the heart of the children to their fathers, lest I come and smite the earth with a curse.",8,,1
Mark 10:14,"But when Jesus saw it, he was much displeased, and said unto them, Suffer the little children to come unto me, and forbid them not: for of such is the kingdom of God.",6,,2
Mark 10:45,"For even the Son of man came not to be ministered unto, but to minister, and to give his life a ransom for many.",4,,1
Mark 10:9,"What therefore God hath joined together, let not man put asunder.",8,,4
Mark 12:17,"And Jesus answering said unto them, Render to Caesar the things that are Caesar's, and to God the things that are God's. And they marvelled at him.",8,,1
Mark 12:30,"And thou shalt love the Lord thy God with all thy heart, and with all thy soul, and with all thy mind, and with all thy strength: this is the first commandment.",2,,6
Mark 12:31,"And the second is like, namely this, Thou shalt love thy neighbour as thyself. There is none other commandment greater than these.",2,,3
Mark 12:33,"And to love him with all the heart, and with all the understanding, and with all the soul, and with all the strength, and to love his neighbour as himself, is more than all whole burnt offerings and sacrifices.",2,4.0,1
Mark 16:15,"And he said unto them, Go ye into all the world, and preach the gospel to every creature.",8,,1
Mark 1:3,"The voice of one crying in the wilderness, Prepare ye the way of the Lord, make his paths straight.",8,,1
Mark 3:25,"And if a house be divided against itself, that house cannot stand.",8,,26
Mark 4:25,"For he that hath, to him shall be given: and he that hath not, from him shall be taken even that which he hath.",8,,1
Mark 8:36,"For what shall it profit a man, if he shall gain the whole world, and lose his own soul?",8,,4
Mark 9:42,"And whosoever shall offend one of these little ones that believe in me, it is better for him that a millstone were hanged about his neck, and he were cast into the sea.",8,,1
Matthew 13:18,Hear ye therefore the parable of the sower.,8,,1
Matthew 13:5,"And when the sun was up, they were scorched; and because they had no root, they withered away.",8,,1
Matthew 13:57,"And they were offended in him. But Jesus said unto them, A prophet is not without honour, save in his own country, and in his own house.",8,,1
Matthew 13:8,"But other fell into good ground, and brought forth fruit, some an hundredfold, some sixtyfold, some thirtyfold.",8,,1
Matthew 16:26,"For what is a man profited, if he shall gain the whole world, and lose his own soul? or what shall a man give in exchange for his soul?",8,,1
Matthew 18:5,And whoso shall receive one such little child in my name receiveth me.,8,,1
Matthew 18:6,"But whoso shall offend one of these little ones which believe in me, it were better for him that a millstone were hanged about his neck, and that he were drowned in the depth of the sea.",8,,1
Matthew 19:14,"But Jesus said, Suffer little children, and forbid them not, to come unto me: for of such is the kingdom of heaven.",6,,4
Matthew 19:19,"Honour thy father and thy mother: and, Thou shalt love thy neighbour as thyself.",2,,13
Matthew 19:30,But many that are first shall be last; and the last shall be first.,8,,3
Matthew 20:27,"And whosoever will be chief among you, let him be your servant:",4,,1
Matthew 21:14,And the blind and the lame came to him in the temple; and he healed them.,8,,1
Matthew 22:14,"For many are called, but few are chosen.",8,,1
Matthew 22:21,"They say unto him, Caesar's. Then saith he unto them, Render therefore unto Caesar the things which are Caesar's; and unto God the things that are God's.",8,,1
Matthew 22:35,"Then one of them, which was a lawyer, asked him a question, tempting him, and saying,",8,,1
Matthew 22:36,"Master, which is the great commandment in the law?",2,,2
Matthew 22:37,"Jesus said unto him, Thou shalt love the Lord thy God with all thy heart, and with all thy soul, and with all thy mind.",2,,11
Matthew 22:38,This is the first and great commandment.,2,,2
Matthew 22:39,"And the second is like unto it, Thou shalt love thy neighbour as thyself.",2,,21
Matthew 22:40,On these two commandments hang all the law and the prophets.,2,,1
Matthew 23:11,But he that is greatest among you shall be your servant.,4,,2
Matthew 23:12,And whosoever shall exalt himself shall be abased; and he that shall humble himself shall be exalted.,6,,1
Matthew 23:24,"Ye blind guides, which strain at a gnat, and swallow a camel.",8,,3
Matthew 25:35,"For I was an hungred, and ye gave me meat: I was thirsty, and ye gave me drink: I was a stranger, and ye took me in:",8,,1
Matthew 25:40,"And the King shall answer and say unto them, Verily I say unto you, Inasmuch as ye have done it unto one of the least of these my brethren, ye have done it unto me.",1,,7
Matthew 25:41,"Then shall he say also unto them on the left hand, Depart from me, ye cursed, into everlasting fire, prepared for the devil and his angels:",3,,1
Matthew 25:42,"For I was an hungred, and ye gave me no meat: I was thirsty, and ye gave me no drink:",8,,1
Matthew 25:43,"I was a stranger, and ye took me not in: naked, and ye clothed me not: sick, and in prison, and ye visited me not.",8,,1
Matthew 25:44,"Then shall they also answer him, saying, Lord, when saw we thee an hungred, or athirst, or a stranger, or naked, or sick, or in prison, and did not minister unto thee?",4,,1
Matthew 25:45,"Then shall he answer them, saying, Verily I say unto you, Inasmuch as ye did it not to one of the least of these, ye did it not to me.",8,,1
Matthew 25:46,And these shall go away into everlasting punishment: but the righteous into life eternal.,3,5.0,1
Matthew 26:25,"Then Judas, which betrayed him, answered and said, Master, is it I? He said unto him, Thou hast said.",8,,1
Matthew 26:27,"And he took the cup, and gave thanks, and gave it to them, saying, Drink ye all of it;",7,,1
Matthew 26:38,"Then saith he unto them, My soul is exceeding sorrowful, even unto death: tarry ye here, and watch with me.",8,,1
Matthew 26:39,"And he went a little farther, and fell on his face, and prayed, saying, O my Father, if it be possible, let this cup pass from me: nevertheless not as I will, but as thou wilt.",8,,1
Matthew 26:42,"He went away again the second time, and prayed, saying, O my Father, if this cup may not pass away from me, except I drink it, thy will be done.",8,,2
Matthew 28:19,"Go ye therefore, and teach all nations, baptizing them in the name of the Father, and of the Son, and of the Holy Ghost:",8,,1
Matthew 2:11,"And when they were come into the house, they saw the young child with Mary his mother, and fell down, and worshipped him: and when they had opened their treasures, they presented unto him gifts; gold, and frankincense, and myrrh.",8,,1
Matthew 4:4,"But he answered and said, It is written, Man shall not live by bread alone, but by every word that proceedeth out of the mouth of God.",8,,1
Matthew 5:10,Blessed are they which are persecuted for righteousness' sake: for theirs is the kingdom of heaven.,6,,4
Matthew 5:11,"Blessed are ye, when men shall revile you, and persecute you, and shall say all manner of evil against you falsely, for my sake.",5,,1
Matthew 5:12,"Rejoice, and be exceeding glad: for great is your reward in heaven: for so persecuted they the prophets which were before you.",7,,1
Matthew 5:14,Ye are the light of the world. A city that is set on an hill cannot be hid.,8,,2
Matthew 5:15,"Neither do men light a candle, and put it under a bushel, but on a candlestick; and it giveth light unto all that are in the house.",8,,1
Matthew 5:16,"Let your light so shine before men, that they may see your good works, and glorify your Father which is in heaven.",8,,2
Matthew 5:3,Blessed are the poor in spirit: for theirs is the kingdom of heaven.,6,,2
Matthew 5:38,"Ye have heard that it hath been said, An eye for an eye, and a tooth for a tooth:",8,,1
Matthew 5:4,Blessed are they that mourn: for they shall be comforted.,8,,8
Matthew 5:45,"That ye may be the children of your Father which is in heaven: for he maketh his sun to rise on the evil and on the good, and sendeth rain on the just and on the unjust.",5,,1
Matthew 5:5,Blessed are the meek: for they shall inherit the earth.,2,,7
Matthew 5:6,Blessed are they which do hunger and thirst after righteousness: for they shall be filled.,5,,5
Matthew 5:7,Blessed are the merciful: for they shall obtain mercy.,2,,2
Matthew 5:8,Blessed are the pure in heart: for they shall see God.,8,,2
Matthew 5:9,Blessed are the peacemakers: for they shall be called the children of God.,8,,27
Matthew 6:10,"Thy kingdom come. Thy will be done in earth, as it is in heaven.",6,,1
Matthew 6:11,Give us this day our daily bread.,8,,6
Matthew 6:12,"And forgive us our debts, as we forgive our debtors.",1,,1
Matthew 6:13,"And lead us not into temptation, but deliver us from evil: For thine is the kingdom, and the power, and the glory, for ever. Amen.",6,,1
Matthew 6:21,"For where your treasure is, there will your heart be also.",8,,1
Matthew 6:33,"But seek ye first the kingdom of God, and his righteousness; and all these things shall be added unto you.",5,6.0,1
Matthew 6:9,"After this manner therefore pray ye: Our Father which art in heaven, Hallowed be thy name.",8,,1
Matthew 7:1,"Judge not, that ye be not judged.",5,,3
Matthew 7:10,"Or if he ask a fish, will he give him a serpent?",8,,1
Matthew 7:12,"Therefore all things whatsoever ye would that men should do to you, do ye even so to them: for this is the law and the prophets.",5,,6
Matthew 7:20,Wherefore by their fruits ye shall know them.,8,,1
Matthew 7:24,"Therefore whosoever heareth these sayings of mine, and doeth them, I will liken him unto a wise man, which built his house upon a rock:",8,,2
Matthew 7:25,"And the rain descended, and the floods came, and the winds blew, and beat upon that house; and it fell not: for it was founded upon a rock.",8,,3
Matthew 7:5,"Thou hypocrite, first cast out the beam out of thine own eye; and then shalt thou see clearly to cast out the mote out of thy brother's eye.",8,,1
Matthew 7:7,"Ask, and it shall be given you; seek, and ye shall find; knock, and it shall be opened unto you:",8,,1
Matthew 7:9,"Or what man is there of you, whom if his son ask bread, will he give him a stone?",8,,1
Matthew 8:20,"And Jesus saith unto him, The foxes have holes, and the birds of the air have nests; but the Son of man hath not where to lay his head.",8,,1
Micah 4:1,"But in the last days it shall come to pass, that the mountain of the house of the LORD shall be established in the top of the mountains, and it shall be exalted above the hills; and people shall flow unto it.",6,,1
Micah 4:2,"And many nations shall come, and say, Come, and let us go up to the mountain of the LORD, and to the house of the God of Jacob; and he will teach us of his ways, and we will walk in his paths: for the law shall go forth of Zion, and the word of the LORD from Jerusalem.",5,,1
Micah 4:3,"And he shall judge among many people, and rebuke strong nations afar off; and they shall beat their swords into plowshares, and their spears into pruninghooks: nation shall not lift up a sword against nation, neither shall they learn war any more.",5,,5
Micah 4:4,But they shall sit every man under his vine and under his fig tree; and none shall make them afraid: for the mouth of the LORD of hosts hath spoken it.,6,,3
Micah 4:5,"For all people will walk every one in the name of his god, and we will walk in the name of the LORD our God for ever and ever.",8,,1
Micah 6:8,"He hath shewed thee, O man, what is good; and what doth the LORD require of thee, but to do justly, and to love mercy, and to walk humbly with thy God?",2,,9
Nehemiah 4:17,"They which builded on the wall, and they that bare burdens, with those that laded, every one with one of his hands wrought in the work, and with the other hand held a weapon.",8,,1
Numbers 23:9,"For from the top of the rocks I see him, and from the hills I behold him: lo, the people shall dwell alone, and shall not be reckoned among the nations.",8,,1
Numbers 6:24,"The LORD bless thee, and keep thee:",7,,3
Numbers 6:25,"The LORD make his face shine upon thee, and be gracious unto thee:",8,,4
Numbers 6:26,"The LORD lift up his countenance upon thee, and give thee peace.",1,,1
Philippians 4:6,Be careful for nothing; but in every thing by prayer and supplication with thanksgiving let your requests be made known unto God.,7,,1
Philippians 4:7,"And the peace of God, which passeth all understanding, shall keep your hearts and minds through Christ Jesus.",1,,2
Proverbs 11:14,"Where no counsel is, the people fall: but in the multitude of counsellors there is safety.",8,,3
Proverbs 12:7,"The wicked are overthrown, and are not: but the house of the righteous shall stand.",5,,1
Proverbs 14:34,Righteousness exalteth a nation: but sin is a reproach to any people.,5,,1
Proverbs 15:1,A soft answer turneth away wrath: but grievous words stir up anger.,8,,1
Proverbs 16:32,He that is slow to anger is better than the mighty; and he that ruleth his spirit than he that taketh a city.,6,,1
Proverbs 16:7,"When a man's ways please the LORD, he maketh even his enemies to be at peace with him.",1,,3
Proverbs 17:17,"A friend loveth at all times, and a brother is born for adversity.",1,,3
Proverbs 17:22,A merry heart doeth good like a medicine: but a broken spirit drieth the bones.,8,,9
Proverbs 19:8,He that getteth wisdom loveth his own soul: he that keepeth understanding shall find good.,8,,1
Proverbs 20:29,The glory of young men is their strength: and the beauty of old men is the grey head.,8,,2
Proverbs 22:28,"Remove not the ancient landmark, which thy fathers have set.",8,,1
Proverbs 22:29,Seest thou a man diligent in his business? he shall stand before kings; he shall not stand before mean men.,8,,1
Proverbs 22:6,"Train up a child in the way he should go: and when he is old, he will not depart from it.",8,,9
Proverbs 24:3,Through wisdom is an house builded; and by understanding it is established:,8,,1
Proverbs 24:4,And by knowledge shall the chambers be filled with all precious and pleasant riches.,8,,1
Proverbs 24:5,"A wise man is strong; yea, a man of knowledge increaseth strength.",8,,1
Proverbs 28:1,The wicked flee when no man pursueth: but the righteous are bold as a lion.,5,,2
Proverbs 29:18,"Where there is no vision, the people perish: but he that keepeth the law, happy is he.",5,,15
Proverbs 2:13,"Who leave the paths of uprightness, to walk in the ways of darkness;",8,,1
Proverbs 31:25,Strength and honour are her clothing; and she shall rejoice in time to come.,7,,1
Proverbs 31:26,"She opens her mouth with wisdom,and the teaching of kindness is on her tongue.",2,,1
Proverbs 31:31,Give her of the fruit of her hands; and let her own works praise her in the gates.,7,,1
Proverbs 31:9,"Open thy mouth, judge righteously, and plead the cause of the poor and needy.",5,,1
Proverbs 3:17,"Her ways are ways of pleasantness, and all her paths are peace.",1,,2
Proverbs 3:18,She is a tree of life to them that lay hold upon her: and happy is every one that retaineth her.,8,,1
Proverbs 3:5,Trust in the LORD with all thine heart; and lean not unto thine own understanding.,8,,7
Proverbs 3:6,"In all thy ways acknowledge him, and he shall direct thy paths.",8,,6
Proverbs 4:18,"But the path of the just is as the shining light, that shineth more and more unto the perfect day.",8,,1
Proverbs 9:10,The fear of the LORD is the beginning of wisdom: and the knowledge of the holy is understanding.,8,,1
Psalms 100:1,"Make a joyful noise unto the LORD, all ye lands.",8,,2
Psalms 100:2,Serve the LORD with gladness: come before his presence with singing.,4,,1
Psalms 100:3,"Know ye that the LORD he is God: it is he that hath made us, and not we ourselves; we are his people, and the sheep of his pasture.",8,,1
Psalms 100:4,"Enter into his gates with thanksgiving, and into his courts with praise: be thankful unto him, and bless his name.",7,,1
Psalms 100:5,For the LORD is good; his mercy is everlasting; and his truth endureth to all generations.,3,,1
Psalms 105:1,O give thanks unto the LORD; call upon his name: make known his deeds among the people.,7,,1
Psalms 105:2,"Sing unto him, sing psalms unto him: talk ye of all his wondrous works.",7,,1
Psalms 105:3,Glory ye in his holy name: let the heart of them rejoice that seek the LORD.,7,,1
Psalms 105:37,He brought them forth also with silver and gold: and there was not one feeble person among their tribes.,8,,1
Psalms 106:6,"We have sinned with our fathers, we have committed iniquity, we have done wickedly.",5,,1
Psalms 107:1,"O give thanks unto the LORD, for he is good: for his mercy endureth for ever.",7,,2
Psalms 107:41,"Yet setteth he the poor on high from affliction, and maketh him families like a flock.",8,,1
Psalms 111:10,The fear of the LORD is the beginning of wisdom: a good understanding have all they that do his commandments: his praise endureth for ever.,7,,1
Psalms 112:6,Surely he shall not be moved for ever: the righteous shall be in everlasting remembrance.,3,5.0,1
Psalms 118:1,O give thanks unto the LORD; for he is good: because his mercy endureth for ever.,7,,1
Psalms 118:23,This is the LORD's doing; it is marvellous in our eyes.,8,,1
Psalms 118:24,This is the day which the LORD hath made; we will rejoice and be glad in it.,7,,4
Psalms 118:29,O give thanks unto the LORD; for he is good: for his mercy endureth for ever.,7,,1
Psalms 119:105,"Thy word is a lamp unto my feet, and a light unto my path.",8,,1
Psalms 119:165,Great peace have they which love thy law: and nothing shall offend them.,1,2.0,1
Psalms 120:1,"In my distress I cried unto the LORD, and he heard me.",8,,1
Psalms 121:1,"I will lift up mine eyes unto the hills, from whence cometh my help.",8,,3
Psalms 121:8,"The LORD shall preserve thy going out and thy coming in from this time forth, and even for evermore.",8,,1
Psalms 122:2,"Our feet shall stand within thy gates, O Jerusalem.",8,,1
Psalms 122:3,Jerusalem is builded as a city that is compact together:,8,,1
Psalms 124:8,"Our help is in the name of the LORD, who made heaven and earth.",8,,2
Psalms 126:1,"When the Lord turned again the captivity of Zion, we were like them that dream.",8,,1
Psalms 126:2,"Then was our mouth filled with laughter, and our tongue with singing: then said they among the heathen, The LORD hath done great things for them.",8,,1
Psalms 126:3,The LORD hath done great things for us; whereof we are glad.,7,,1
Psalms 127:1,"Except the LORD build the house, they labour in vain that build it: except the LORD keep the city, the watchman waketh but in vain.",4,,5
Psalms 133:1,"Behold, how good and how pleasant it is for brethren to dwell together in unity!",1,,3
Psalms 139:23,"Search me, O God, and know my heart: try me, and know my thoughts:",8,,1
Psalms 145:13,"Thy kingdom is an everlasting kingdom, and thy dominion endureth throughout all generations.",6,3.0,1
Psalms 145:18,"The LORD is nigh unto all them that call upon him, to all that call upon him in truth.",8,,1
Psalms 145:19,"He will fulfil the desire of them that fear him: he also will hear their cry, and will save them.",8,,1
Psalms 147:3,"He healeth the broken in heart, and bindeth up their wounds.",8,,1
Psalms 16:1,"Preserve me, O God: for in thee do I put my trust.",8,,1
Psalms 19:14,"Let the words of my mouth, and the meditation of my heart, be acceptable in thy sight, O LORD, my strength, and my redeemer.",8,,2
Psalms 1:3,"And he shall be like a tree planted by the rivers of water, that bringeth forth his fruit in his season; his leaf also shall not wither; and whatsoever he doeth shall prosper.",8,,1
Psalms 22:4,"Our fathers trusted in thee: they trusted, and thou didst deliver them.",8,,1
Psalms 22:5,"They cried unto thee, and were delivered: they trusted in thee, and were not confounded.",8,,1
Psalms 23:1,The LORD is my shepherd; I shall not want.,8,,2
Psalms 23:2,He maketh me to lie down in green pastures: he leadeth me beside the still waters.,8,,4
Psalms 23:3,He restoreth my soul: he leadeth me in the paths of righteousness for his name's sake.,5,,2
Psalms 23:4,"Yea, though I walk through the valley of the shadow of death, I will fear no evil: for thou art with me; thy rod and thy staff they comfort me.",1,,5
Psalms 23:5,Thou preparest a table before me in the presence of mine enemies: thou anointest my head with oil; my cup runneth over.,8,,3
Psalms 23:6,Surely goodness and mercy shall follow me all the days of my life: and I will dwell in the house of the LORD for ever.,2,,3
Psalms 27:1,The LORD is my light and my salvation; whom shall I fear? the LORD is the strength of my life; of whom shall I be afraid?,3,,1
Psalms 28:7,"The LORD is my strength and my shield; my heart trusted in him, and I am helped: therefore my heart greatly rejoiceth; and with my song will I praise him.",7,,3
Psalms 29:11,The LORD will give strength unto his people; the LORD will bless his people with peace.,1,7.0,4
Psalms 30:5,"For his anger endureth but a moment; in his favour is life: weeping may endure for a night, but joy cometh in the morning.",7,,19
Psalms 33:12,Blessed is the nation whose God is the LORD; and the people whom he hath chosen for his own inheritance.,3,,3
Psalms 33:16,There is no king saved by the multitude of an host: a mighty man is not delivered by much strength.,3,,1
Psalms 34:14,"Depart from evil, and do good; seek peace, and pursue it.",1,,7
Psalms 35:28,And my tongue shall speak of thy righteousness and of thy praise all the day long.,5,7.0,1
Psalms 36:7,"How excellent is thy lovingkindness, O God! therefore the children of men put their trust under the shadow of thy wings.",8,,1
Psalms 37:11,But the meek shall inherit the earth; and shall delight themselves in the abundance of peace.,1,,1
Psalms 37:25,"I have been young, and now am old; yet have I not seen the righteous forsaken, nor his seed begging bread.",5,,2
Psalms 46:1,"God is our refuge and strength, a very present help in trouble.",8,,5
Psalms 46:10,"Be still, and know that I am God: I will be exalted among the heathen, I will be exalted in the earth.",6,,2
Psalms 46:2,"Therefore will not we fear, though the earth be removed, and though the mountains be carried into the midst of the sea;",8,,1
Psalms 46:3,"Though the waters thereof roar and be troubled, though the mountains shake with the swelling thereof. Selah.",8,,1
Psalms 46:4,"There is a river, the streams whereof shall make glad the city of God, the holy place of the tabernacles of the most High.",6,,2
Psalms 46:5,"God is in the midst of her; she shall not be moved: God shall help her, and that right early.",8,,2
Psalms 46:6,"The heathen raged, the kingdoms were moved: he uttered his voice, the earth melted.",8,,1
Psalms 46:7,The LORD of hosts is with us; the God of Jacob is our refuge. Selah.,6,,2
Psalms 46:8,"Come, behold the works of the LORD, what desolations he hath made in the earth.",8,,2
Psalms 46:9,"He maketh wars to cease unto the end of the earth; he breaketh the bow, and cutteth the spear in sunder; he burneth the chariot in the fire.",8,,3
Psalms 49:2,"Both low and high, rich and poor, together.",8,,1
Psalms 4:1,"Hear me when I call, O God of my righteousness: thou hast enlarged me when I was in distress; have mercy upon me, and hear my prayer.",5,,1
Psalms 51:10,"Create in me a clean heart, O God; and renew a right spirit within me.",8,,1
Psalms 66:1,"Make a joyful noise unto God, all ye lands:",8,,1
Psalms 66:12,Thou hast caused men to ride over our heads; we went through fire and through water: but thou broughtest us out into a wealthy place.,8,,1
Psalms 66:19,But verily God hath heard me; he hath attended to the voice of my prayer.,8,,1
Psalms 67:1,"God be merciful unto us, and bless us; and cause his face to shine upon us; Selah.",7,,2
Psalms 71:20,"Thou, which hast shewed me great and sore troubles, shalt quicken me again, and shalt bring me up again from the depths of the earth.",8,,1
Psalms 71:21,"Thou shalt increase my greatness, and comfort me on every side.",1,,1
Psalms 71:9,Cast me not off in the time of old age; forsake me not when my strength faileth.,8,,2
Psalms 72:2,"He shall judge thy people with righteousness, and thy poor with judgment.",5,,1
Psalms 72:4,"He shall judge the poor of the people, he shall save the children of the needy, and shall break in pieces the oppressor.",5,,1
Psalms 72:7,In his days shall the righteous flourish; and abundance of peace so long as the moon endureth.,1,5.0,2
Psalms 72:8,"He shall have dominion also from sea to sea, and from the river unto the ends of the earth.",6,,1
Psalms 75:1,"Unto thee, O God, do we give thanks, unto thee do we give thanks: for that thy name is near thy wondrous works declare.",7,,1
Psalms 78:14,"In the daytime also he led them with a cloud, and all the night with a light of fire.",8,,1
Psalms 78:35,"And they remembered that God was their rock, and the high God their redeemer.",8,,1
Psalms 82:3,Defend the poor and fatherless: do justice to the afflicted and needy.,5,,5
Psalms 85:10,Mercy and truth are met together; righteousness and peace have kissed each other.,1,5.0,1
Psalms 85:6,Wilt thou not revive us again: that thy people may rejoice in thee?,7,,1
Psalms 85:8,"I will hear what God the LORD will speak: for he will speak peace unto his people, and to his saints: but let them not turn again to folly.",1,,1
Psalms 8:5,"For thou hast made him a little lower than the angels, and hast crowned him with glory and honour.",8,,1
Psalms 90:4,"For a thousand years in thy sight are but as yesterday when it is past, and as a watch in the night.",8,,1
Psalms 91:2,"I will say of the LORD, He is my refuge and my fortress: my God; in him will I trust.",8,,1
Psalms 91:5,Thou shalt not be afraid for the terror by night; nor for the arrow that flieth by day;,8,,2
Psalms 91:6,Nor for the pestilence that walketh in darkness; nor for the destruction that wasteth at noonday.,8,,1
Revelation 19:16,"And he hath on his vesture and on his thigh a name written, KING OF KINGS, AND LORD OF LORDS.",6,,1
Romans 12:10,Be kindly affectioned one to another with brotherly love; in honour preferring one another;,2,,1
Romans 12:11,Not slothful in business; fervent in spirit; serving the Lord;,8,,1
Romans 12:12,Rejoicing in hope; patient in tribulation; continuing instant in prayer;,3,,3
Romans 12:16,"Be of the same mind one toward another. Mind not high things, but condescend to men of low estate. Be not wise in your own conceits.",8,,1
Romans 12:17,Recompense to no man evil for evil. Provide things honest in the sight of all men.,5,,1
Romans 12:2,"And be not conformed to this world: but be ye transformed by the renewing of your mind, that ye may prove what is that good, and acceptable, and perfect, will of God.",8,,1
Romans 12:20,"Therefore if thine enemy hunger, feed him; if he thirst, give him drink: for in so doing thou shalt heap coals of fire on his head.",8,,1
Romans 12:21,"Be not overcome of evil, but overcome evil with good.",5,,10
Romans 13:12,"The night is far spent, the day is at hand: let us therefore cast off the works of darkness, and let us put on the armour of light.",8,,2
Romans 14:19,"Let us therefore follow after the things which make for peace, and things wherewith one may edify another.",1,,4
Romans 14:7,"For none of us liveth to himself, and no man dieth to himself.",8,,1
Romans 3:23,"For all have sinned, and come short of the glory of God;",8,,4
Romans 6:4,"Therefore we are buried with him by baptism into death: that like as Christ was raised up from the dead by the glory of the Father, even so we also should walk in newness of life.",8,,1
Romans 7:15,"For that which I do I allow not: for what I would, that do I not; but what I hate, that do I.",8,,2
Romans 7:21,"I find then a law, that, when I would do good, evil is present with me.",5,,1
Romans 8:14,"For as many as are led by the Spirit of God, they are the sons of God.",8,,1
Romans 8:26,Likewise the Spirit also helpeth our infirmities: for we know not what we should pray for as we ought: but the Spirit itself maketh intercession for us with groanings which cannot be uttered.,8,,1
Romans 8:28,"And we know that all things work together for good to them that love God, to them who are the called according to his purpose.",2,,1
Romans 8:31,"What shall we then say to these things? If God be for us, who can be against us?",8,,1
Romans 8:38,"For I am persuaded, that neither death, nor life, nor angels, nor principalities, nor powers, nor things present, nor things to come,",8,,1
Song of Solomon 2:11,"For, lo, the winter is past, the rain is over and gone;",8,,1
Song of Solomon 2:12,"The flowers appear on the earth; the time of the singing of birds is come, and the voice of the turtle is heard in our land;",8,,1
Song of Solomon 2:9,"My beloved is like a roe or a young hart: behold, he standeth behind our wall, he looketh forth at the windows, shewing himself through the lattice.",8,,1
Song of Solomon 8:7,"Many waters cannot quench love, neither can the floods drown it: if a man would give all the substance of his house for love, it would utterly be contemned.",2,,1
Zechariah 4:6,"Then he answered and spake unto me, saying, This is the word of the LORD unto Zerubbabel, saying, Not by might, nor by power, but by my spirit, saith the LORD of hosts.",6,,1
Zephaniah 3:17,"The Lord thy God in the midst of thee is mighty; he will save, he will rejoice over thee with joy; he will rest in his love, he will joy over thee with singing.",7,2.0,1
