row_index,doc_id,title,president,date,snippet_norm,verse_range,verse_text,match_proba,judgement,reason,confidence
3,2310194754180329282,Address at the Lighting of the National Community Christmas Tree on the White House Grounds,Harry S Truman,1947-12-24,gone up from galilee out of the city of nazareth to bethlehem there is a sense of desolation in st luke's brief chronicle that mary brought forth her firstborn son wrapped him in swaddling clothes and laid him in a manger because there was no room for them in the inn for many of our brethren in europe and asia this too will be a homeless christmas there can be little happiness for those who,Luke 2:7,"And she brought forth her firstborn son, and wrapped him in swaddling clothes, and laid him in a manger; because there was no room for them in the inn.",0.5457618744826198,TRUE,,0.9
4,2310194754180329282,Address at the Lighting of the National Community Christmas Tree on the White House Grounds,Harry S Truman,1947-12-24,time to our obligation and our opportunity at this point in the world's history the words of st paul have greater significance than ever before he said and now abideth faith hope charity these three but the greatest of these is charity we believe this we accept it as a basic principle of our lives the great heart of the american people has been moved,1 Corinthians 13:13,"And now abideth faith, hope, charity, these three; but the greatest of these is charity.",0.9930554071131816,TRUE,,1.0
11,2310194754180329282,Address at the Lighting of the National Community Christmas Tree on the White House Grounds,Harry S Truman,1947-12-24,then put our trust in the unerring star which guided the wise men to the manger of bethlehem let us hearken again to the angel choir singing glory to god in the highest and on earth peace good will toward men with hope for the future and with faith in god i wish all my countrymen a very merry christmas harry s truman address at,Luke 2:14,"Glory to God in the highest, and on earth peace, good will toward men.",0.9883612513098567,TRUE,,0.95
123,2406073391888542545,Address Before a Joint Session of the Congress on the Camp David Meeting on the Middle East,Jimmy Carter,1978-09-18,this moment shall be fully realized the prayers at camp david were the same as those of the shepherd king david who prayed in the 85th psalm wilt thou not revive us again that thy people may rejoice in thee i will hear what god the lord will speak for he will speak peace unto his people and unto his saints but let them not,Psalms 85:6,Wilt thou not revive us again: that thy people may rejoice in thee?,0.9880008262677388,TRUE,,1.0
126,2406073391888542545,Address Before a Joint Session of the Congress on the Camp David Meeting on the Middle East,Jimmy Carter,1978-09-18,those of the shepherd king david who prayed in the 85th psalm wilt thou not revive us again that thy people may rejoice in thee i will hear what god the lord will speak for he will speak peace unto his people and unto his saints but let them not return again unto folly and i would like to say as a christian to these two friends of mine the words of jesus blessed are,Psalms 85:8,"I will hear what God the LORD will speak: for he will speak peace unto his people, and to his saints: but let them not turn again to folly.",0.7967994115060384,TRUE,,1.0
131,2406073391888542545,Address Before a Joint Session of the Congress on the Camp David Meeting on the Middle East,Jimmy Carter,1978-09-18,return again unto folly and i would like to say as a christian to these two friends of mine the words of jesus blessed are the peacemakers for they shall be the children of god note the president spoke at 8:06 p.m in the house chamber at the capitol president sadat and prime minister begin were present for the address,Matthew 5:9,Blessed are the peacemakers: for they shall be called the children of God.,0.9962219335644724,TRUE,,1.0
167,246180775934242825,Remarks During an Illinois Whistlestop Tour,Gerald R. Ford,1976-10-16,but notice that abe lincoln made a very famous statement in the state of illinois just a few years ago when he said a house divided against itself cannot stand jimmy carter wants to divide america president ford wants to heal america and that's where we're going betty and i are here in the great,Mark 3:24-25,"And if a kingdom be divided against itself, that kingdom cannot stand. And if a house be divided against itself, that house cannot stand.",0.9552201512733978,TRUE,,1.0
189,2471867046393402913,Remarks at a St. Patrick's Day Reception,Barack Obama,2016-03-15,her a bigger round of applause and we are in the presence of one of america's great irish american heroes vice president joe biden applause hey blessed are the peacemakers and from northern ireland we welcome their first female first minister arlene foster and deputy first minister martin mcguinness the u.k.'s secretary of state for,Matthew 5:9,Blessed are the peacemakers: for they shall be called the children of God.,0.4582334364251764,TRUE,,0.9
230,2506231506368690354,Remarks on the 50th Anniversary of D-Day at Utah Beach in Normandy,William J. Clinton,1994-06-06,invasion he said i sincerely pray that if you fail to hear from me for a while you will recall the words of the gospel a little while and you shall not see me and again a little while and you shall see me but in your thoughts i shall always be and you in mine he was right they must always be in our thoughts to honor them we,John 16:16-17,"A little while, and ye shall not see me: and again, a little while, and ye shall see me, because I go to the Father. Then said some of his disciples among themselves, What is this that he saith unto us, A little while, and ye shall not see me: and again, a little while, and ye shall see me: and, Because I go to the Father?",0.9481624365365204,TRUE,,0.95
240,2509899669499460081,Remarks at the Annual Convention of the American Farm Bureau Federation in St. Louis.,Gerald R. Ford,1976-01-05,all americans a new confidence in which people hunger for righteousness as well as for food in the words of the new testament blessed are they which do hunger and thirst after righteousness for they shill be filled thank you very very much note the president spoke at 11:05 a.m in kiel auditorium he was introduced by william j kuhfuss,Matthew 5:6,Blessed are they which do hunger and thirst after righteousness: for they shall be filled.,0.986927763606828,TRUE,,1.0
269,2536722622529255129,"Remarks at the Yad Vashem Holocaust Memorial in Jerusalem, Israel",Barack Obama,2013-03-22,unto them i will give my house and within my walls a memorial and a name an everlasting name that shall not be cut off president peres prime minister netanyahu chairman shalev rabbi lau thank you for sharing this house this memorial with me today thank you to the people,Isaiah 56:5,"Even unto them will I give in mine house and within my walls a place and a name better than of sons and of daughters: I will give them an everlasting name, that shall not be cut off.",0.9150698348216756,TRUE,,1.0
337,2603781582262716288,Remarks at the Coliseum in Houston at a Dinner Honoring Representative Albert Thomas,John F. Kennedy,1963-11-21,that when some meet here in 1990 they will look back on what we did and say that we made the right and wise decisions your old men shall dream dreams your young men shall see visions the bible tells us and where there is no vision the people perish albert thomas is old enough to dream dreams and young,Joel 2:28,"And it shall come to pass afterward, that I will pour out my spirit upon all flesh; and your sons and your daughters shall prophesy, your old men shall dream dreams, your young men shall see visions:",0.9769015098476104,TRUE,,1.0
338,2603781582262716288,Remarks at the Coliseum in Houston at a Dinner Honoring Representative Albert Thomas,John F. Kennedy,1963-11-21,and say that we made the right and wise decisions your old men shall dream dreams your young men shall see visions the bible tells us and where there is no vision the people perish albert thomas is old enough to dream dreams and young enough to see visions he sees an america of the future in the lifetime of,Proverbs 29:18,"Where there is no vision, the people perish: but he that keepeth the law, happy is he.",0.861491030160795,TRUE,,0.9
374,2627776003063942681,"Remarks at a ""Saluting Our Veterans"" Celebration in Ripley, West Virginia",George W. Bush,2002-07-04,call of service giving their time and energy to causes greater than self-interest this nation is confronting a terrible evil and we are overcoming evil with good there is much in modern america that the founding generation might not understand yet they would recognize the stars and stripes and they,Romans 12:21,"Be not overcome of evil, but overcome evil with good.",0.9547750758738516,TRUE,,0.9
403,2646910278689562767,"Remarks at the Martin Luther King, Jr., Commemorative Service in Atlanta, Georgia",William J. Clinton,1996-01-15,one of our clergy read that well-known but never tired passage from corinthians in the old king james version it used to say now we see through a glass darkly but then face to face now we know in part but then we shall know even as we are known and there abides faith hope and charity and the greatest of these is charity charity and love in that sense,1 Corinthians 13:12,"For now we see through a glass, darkly; but then face to face: now I know in part; but then shall I know even as also I am known.",0.980955998377038,TRUE,,0.95
405,2646910278689562767,"Remarks at the Martin Luther King, Jr., Commemorative Service in Atlanta, Georgia",William J. Clinton,1996-01-15,now we know in part but then we shall know even as we are known and there abides faith hope and charity and the greatest of these is charity charity and love in that sense are the same thing-charitable love the understanding that even those who are totally different from us share a common human,1 Corinthians 13:13,"And now abideth faith, hope, charity, these three; but the greatest of these is charity.",0.9871315753062512,TRUE,,0.95
414,265693749139350602,Address in Arkansas at the Dedication of the Norfork and Bull Shoals Dams.,Harry S Truman,1952-07-02,more farm production more electric power more reclamation navigation recreation and other benefits the money put into these projects will prove bread cast upon the waters--really cast upon the waters it will return the cost many times over in benefits to the people of this region we have been doing the same sort of thing,Ecclesiastes 11:1,Cast thy bread upon the waters: for thou shalt find it after many days.,0.6948144676550185,TRUE,,0.9\
421,265823170533301981,The President's Radio Address,William J. Clinton,1996-02-10,the bible asks if your child asks for bread would you give him a stone if he asks for fish would you give him a serpent if he asks for an egg would you give him a scorpion our children are what we give them what we teach them we dare not forget that basic truth their lives and our common,Luke 11:11,"If a son shall ask bread of any of you that is a father, will he give him a stone? or if he ask a fish, will he for a fish give him a serpent?",0.949181449978441,TRUE,,0.95
421,265823170533301981,The President's Radio Address,William J. Clinton,1996-02-10,give him a stone if he asks for fish would you give him a serpent if he asks for an egg would you give him a scorpion our children are what we give them what we teach them we dare not forget that basic truth their lives and our common,Luke 11:12,"Or if he shall ask an egg, will he offer him a scorpion?",0.949181449978441,TRUE,,0.95
424,2663157374565306333,Radio Address to the Nation on the Observance of Easter and Passover,Ronald Reagan,1983-04-02,to the unborn generations who will still celebrate them long after we're gone as paul explained in his epistle to the ephesians he came and preached peace to you who were far away and peace to those who were near so then you were no longer strangers and aliens but you were fellow citizens of,Ephesians 2:17,"And came and preached peace to you which were afar off, and to them that were nigh.",0.9928933642057473,TRUE,,0.99
424,2663157374565306333,Radio Address to the Nation on the Observance of Easter and Passover,Ronald Reagan,1983-04-02,to the unborn generations who will still celebrate them long after we're gone as paul explained in his epistle to the ephesians he came and preached peace to you who were far away and peace to those who were near so then you were no longer strangers and aliens but you were fellow citizens of god's household,Ephesians 2:19,"Now therefore ye are no more strangers and foreigners, but fellowcitizens with the saints, and of the household of God;",0.9928933642057473,TRUE,,0.99
426,2666845177628191069,"Remarks During a Memorial Convocation at Virginia Tech in Blacksburg, Virginia",George W. Bush,2007-04-17,like this we can find comfort in the grace and guidance of a loving god as the scriptures tells us don't be overcome by evil but overcome evil with good and on this terrible day of mourning it's hard to imagine that a time will come when life at virginia tech will return to normal,Romans 12:21,"Be not overcome of evil, but overcome evil with good.",0.9835861312379564,TRUE,,0.9
466,2686265627821128951,Remarks to Members of the Southern Baptist Christian Leadership Seminar.,Lyndon B. Johnson,1964-03-25,want to assure you that i am trying to be scriptural a proverb in the old testament says in a multitude of counselors there is safety brooks keeps telling me that it really meant in a multitude of baptist counselors everyone i think knows that two baptists make a multitude,Proverbs 11:14,"Where no counsel is, the people fall: but in the multitude of counsellors there is safety.",0.9172775319591092,TRUE,,1.0
467,2686265627821128951,Remarks to Members of the Southern Baptist Christian Leadership Seminar.,Lyndon B. Johnson,1964-03-25,lights and they keep reminding me that the scripture says to let your light so shine i just replied that scripture also says that the children of this world are in their generation wiser than the children of this life looking at brooks and bill i am reminded of another scripture the glory of young men is their strength and the beauty of old men,Luke 16:8,"And the lord commended the unjust steward, because he had done wisely: for the children of this world are in their generation wiser than the children of light.",0.9869324810170038,TRUE,,1.0
469,2686265627821128951,Remarks to Members of the Southern Baptist Christian Leadership Seminar.,Lyndon B. Johnson,1964-03-25,children of this world are in their generation wiser than the children of this life looking at brooks and bill i am reminded of another scripture the glory of young men is their strength and the beauty of old men is their gray hair and poor brooks--he is losing his beauty i have had a lot of experience with baptists before for a long time,Proverbs 20:29,The glory of young men is their strength: and the beauty of old men is the grey head.,0.8709607950748692,TRUE,,1.0
471,2686265627821128951,Remarks to Members of the Southern Baptist Christian Leadership Seminar.,Lyndon B. Johnson,1964-03-25,the children of this life looking at brooks and bill i am reminded of another scripture the glory of young men is their strength and the beauty of old men is their gray hair and poor brooks--he is losing his beauty i have had a lot of experience with baptists before for a long time,Proverbs 20:29,"The glory of young men is their strength: and the beauty of old men is the grey head.",0.7648112369094463,TRUE,,0.8
478,2686265627821128951,Remarks to Members of the Southern Baptist Christian Leadership Seminar.,Lyndon B. Johnson,1964-03-25,to turn back the rising tide of human hope by sowing half-truths and untruths wherever they find root there are voices crying peace peace peace when there is no peace help us to answer them with truth and with action help us to pass this civil rights bill and establish a foundation upon which we,Jeremiah 6:14,"They have healed also the hurt of the daughter of my people slightly, saying, Peace, peace; when there is no peace.",0.1911482525466657,TRUE,,0.8
494,270192700328471794,Remarks at the National Prayer Breakfast,William J. Clinton,2000-02-03,with saint paul we all do what we would not and we do not do what we would that faith hope and charity abide but the greatest of these is charity that god says to all of us not just some i have redeemed you i have called you by your name you are mine,Romans 7:15,"For that which I do I allow not: for what I would, that do I not; but what I hate, that do I.",0.942733841754323,TRUE,,0.9
494,270192700328471794,Remarks at the National Prayer Breakfast,William J. Clinton,2000-02-03,with saint paul we all do what we would not and we do not do what we would that faith hope and charity abide but the greatest of these is charity that god says to all of us not just some i have redeemed you i have called you by your name you are mine,1 Corinthians 13:13,"And now abideth faith, hope, charity, these three; but the greatest of these is charity.",0.942733841754323,TRUE,,0.9
494,270192700328471794,Remarks at the National Prayer Breakfast,William J. Clinton,2000-02-03,with saint paul we all do what we would not and we do not do what we would that faith hope and charity abide but the greatest of these is charity that god says to all of us not just some i have redeemed you i have called you by your name you are mine,Isaiah 43:1,"But now thus saith the Lord that created thee, O Jacob, and he that formed thee, O Israel, Fear not: for I have redeemed thee, I have called thee by thy name; thou art mine.",0.942733841754323,TRUE,,0.9
585,2787494302554428341,Remarks at a White House Ceremony in Observance of National Day of Prayer,Ronald Reagan,1982-05-06,creator who alone has the power to bless america one of my favorite passages in the bible is the promise god gives us in second chronicles if my people which are called by my name shall humble themselves and pray and seek my face and turn from their wicked ways then will i hear from heaven and will forgive their sin and will heal their land that promise is the hope of america and of all our people because of my faith in that promise i'm particularly pleased to be,2 Chronicles 7:14,"If my people, which are called by my name, shall humble themselves, and pray, and seek my face, and turn from their wicked ways; then will I hear from heaven, and will forgive their sin, and will heal their land.",0.5086584844335788,TRUE,,0.95
616,2817857657662701342,Remarks on Signing the Juneteenth National Independence Day Act,"Joseph R. Biden, Jr.",2021-06-17,repeat some of what was said-that became known as juneteenth you all know that a day that reflects what the psalm tell us weeping may endure for a night but joy cometh in the morning juneteenth marks both the long hard night of slavery and subjugation and a promise of a brighter morning to come this is a day of,Psalms 30:5,"For his anger endureth but a moment; in his favour is life: weeping may endure for a night, but joy cometh in the morning.",0.9545837272567678,TRUE,,1.0
696,2891304090518528041,"Address at Harrisburg, Pa.",Franklin D. Roosevelt,1936-10-29,to utter pious hopes for the bottom twelve years of that brought the inevitable crash when we came to washington in 1933 it was our fundamental belief that faith without works is dead we acted-not for a few of us but for all of us that program worked but i am very much afraid that the republican leadership is still,James 2:20,"But wilt thou know, O vain man, that faith without works is dead?",0.4137770338184364,TRUE,,0.9
719,2919506472156332156,Christmas Pageant of Peace Remarks on Lighting the National Community Christmas Tree,Jimmy Carter,1978-12-14,fruitful and to building instead of preparing to destroy the prophet isaiah who wrote about ancient wars between israel and her neighbors tells us that the work of righteousness is peace the united states has tried this year to help other nations find peace we have succeeded in several troubled areas in getting people to,James 3:18,And the fruit of righteousness is sown in peace of them that make peace.,0.6885702516438907,TRUE,,0.9
721,2919506472156332156,Christmas Pageant of Peace Remarks on Lighting the National Community Christmas Tree,Jimmy Carter,1978-12-14,and then we will truly be able to say in our hearts for the fulfillment of the ancient promise of peace on earth good will toward men the evergreen tree that we use at christmas is a symbol of eternal life and also of the perpetual renewal of life as,Luke 2:14,"Glory to God in the highest, and on earth peace, good will toward men.",0.933973991885644,TRUE,,0.9
734,2925684799717216265,"Remarks at a Meeting With Amish and Mennonite Leaders in Lancaster, Pennsylvania",George Bush,1989-03-22,hope the people will stand to you years ago israel had a good king solomon the lord spoke to the people my people that are called by my name humble themselves and pray and seek my face and confess and turn away from their sins them i will hear from in heaven and heal their name i think a great,2 Chronicles 7:14,"If my people, which are called by my name, shall humble themselves, and pray, and seek my face, and turn from their wicked ways; then will I hear from heaven, and will forgive their sin, and will heal their land.",0.9243473469498202,TRUE,,0.9
748,2943258184369641769,Remarks at the Lighting of the Nation's Christmas Tree,Lyndon B. Johnson,1963-12-22,troubled year in our nation's history a great president franklin d roosevelt said to his countrymen to more and more of us the words thou shalt love thy neighbor as thyself have taken on a meaning that is showing itself and proving itself in our purposes and in our daily lives i believe that this,James 2:8,"If ye fulfil the royal law according to the scripture, Thou shalt love thy neighbour as thyself, ye do well:",0.1126694292387177,TRUE,,0.9
749,2943258184369641769,Remarks at the Lighting of the Nation's Christmas Tree,Lyndon B. Johnson,1963-12-22,troubled year in our nation's history a great president franklin d roosevelt said to his countrymen to more and more of us the words thou shalt love thy neighbor as thyself have taken on a meaning that is showing itself and proving itself in our purposes and in our daily lives i believe that this,Mark 12:31,"And the second is like, namely this, Thou shalt love thy neighbour as thyself. There is none other commandment greater than these.",0.5560036961894478,TRUE,,0.9
750,2943258184369641769,Remarks at the Lighting of the Nation's Christmas Tree,Lyndon B. Johnson,1963-12-22,troubled year in our nation's history a great president franklin d roosevelt said to his countrymen to more and more of us the words thou shalt love thy neighbor as thyself have taken on a meaning that is showing itself and proving itself in our purposes and in our daily lives i believe that this,Matthew 19:19,"Honour thy father and thy mother: and, Thou shalt love thy neighbour as thyself.",0.867431726783893,TRUE,,0.9
751,2943258184369641769,Remarks at the Lighting of the Nation's Christmas Tree,Lyndon B. Johnson,1963-12-22,troubled year in our nation's history a great president franklin d roosevelt said to his countrymen to more and more of us the words thou shalt love thy neighbor as thyself have taken on a meaning that is showing itself and proving itself in our purposes and in our daily lives i believe that this,Matthew 22:39,"And the second is like unto it, Thou shalt love thy neighbour as thyself.",0.7019326249854771,TRUE,,0.9
761,2948913629227991437,Remarks in Athens at Ohio University,Lyndon B. Johnson,1964-05-07,all of our people we must end open bias and active bigotry and above all else we must help to bring about a day when nation shall not lift up sword against nation neither shall they learn war any more not in a day and not in a year will these goals be reached but if we begin the effort if we approach the task,Isaiah 2:4,"And he shall judge among the nations, and shall rebuke many people: and they shall beat their swords into plowshares, and their spears into pruninghooks: nation shall not lift up sword against nation, neither shall they learn war any more.",0.8447622341375037,TRUE,,0.95
762,2948913629227991437,Remarks in Athens at Ohio University,Lyndon B. Johnson,1964-05-07,all of our people we must end open bias and active bigotry and above all else we must help to bring about a day when nation shall not lift up sword against nation neither shall they learn war any more not in a day and not in a year will these goals be reached but if we begin the effort if we approach the task,Micah 4:3,"And he shall judge among many people, and rebuke strong nations afar off; and they shall beat their swords into plowshares, and their spears into pruninghooks: nation shall not lift up a sword against nation, neither shall they learn war any more.",0.8912785229817932,TRUE,,0.95
791,2976988657158138035,Radio and Television Statement Announcing the Settlement of the Railroad Dispute.,Lyndon B. Johnson,1964-04-22,and that the needs and the demands of the people's interest are understood and those needs and those demands come first for says the old testament he that keepeth understanding shall find good this is a good day for our country and our system of government now i take pride in presenting to you mr roy e davidson the grand,Proverbs 19:8,He that getteth wisdom loveth his own soul: he that keepeth understanding shall find good.,0.780201258346982,TRUE,,0.9
818,3006701914748830585,Remarks at the Welcoming Ceremony for Prime Minister Rajiv Gandhi of India,Ronald Reagan,1985-06-12,and its drive to greatness one of them abraham lincoln said that a nation cannot be half slave and half free and that a house divided against itself cannot stand the best minds of our age tell us that a world divided against itself cannot endure it should be the task of all of us who hold responsibility for other people's lives to recognize what life and its continuance demand,Mark 3:24-25,"And if a kingdom be divided against itself, that kingdom cannot stand. And if a house be divided against itself, that house cannot stand.",0.971231086551434,TRUE,,1.0
830,3014010554309894242,Remarks in Cairo,Barack Obama,2009-06-04,one another the talmud tells us the whole of the torah is for the purpose of promoting peace the holy bible tells us blessed are the peacemakers for they shall be called sons of god the people of the world can live together in peace we know that is god's vision now that must be,Matthew 5:9,Blessed are the peacemakers: for they shall be called the children of God.,0.9887628796505604,TRUE,,1.0
854,303594044878599406,"Address and Remarks at the Baylor University Commencement Ceremonies, Waco, Texas.",Dwight D. Eisenhower,1956-05-25,to their fellow men in a world created for their stewardship by a god in whose image they are all made you have been taught here to do justice and to love mercy and to walk humbly before your maker even as you use every opportunity to better yourselves through the profession in which you,Micah 6:8,"He hath shewed thee, O man, what is good; and what doth the Lord require of thee, but to do justly, and to love mercy, and to walk humbly with thy God?",0.4923032371702848,TRUE,,0.9
869,3041001269395506896,Remarks to the American Medical Association National Leadership Conference,William J. Clinton,1998-03-09,to me is i'm a cardiologist take this golf club and stay in good shape laughter we're getting better at it but it is madness to strain at a gnat and swallow a camel and it happens over and over and over again there are no fewer than 500 stories that could come up in this audience right now within,Matthew 23:24,"Ye blind guides, which strain at a gnat, and swallow a camel.",0.9571040240460466,TRUE,,1.0
877,3045595799662537867,"Remarks at the Funeral of Prime Minister Yitzhak Rabin in Jerusalem, Israel",William J. Clinton,1995-11-06,righteous course as moses said to the children of israel when he knew he would not cross over into the promised land be strong and of good courage fear not for god will go with you he will not fail you he will not forsake you president weizman acting prime minister peres to all the people of israel as you stay the course of peace,Deuteronomy 31:6,"Be strong and of a good courage, fear not, nor be afraid of them: for the LORD thy God, he it is that doth go with thee; he will not fail thee, nor forsake thee.",0.8630417956303637,TRUE,,1.0
914,3089281247780091362,Remarks and a Discussion at the Closing Session of the Fiscal Responsibility Summit,Barack Obama,2009-02-23,to the minority and their--i think the answer lies in part--a couple weeks ago the minister in our church gave a sermon that was based on the parable of the sower--the sower of the seeds you may recall that in your--some of the seeds were sown in stony ground and rough ground and some of,Matthew 13:18,Hear ye therefore the parable of the sower.,0.5282165494644848,TRUE,,0.9
914,3089281247780091362,Remarks and a Discussion at the Closing Session of the Fiscal Responsibility Summit,Barack Obama,2009-02-23,our church gave a sermon that was based on the parable of the sower--the sower of the seeds you may recall that in your--some of the seeds were sown in stony ground and rough ground and some of the seeds were sown in places that had thorns some of the seeds were son in the--in shallow soil and nothing much came out of it but some of the seeds were sown in fertile soil and multiplied a hundredfold,Matthew 13:5,"And when the sun was up, they were scorched; and because they had no root, they withered away.",0.5282165494644848,TRUE,,0.9
914,3089281247780091362,Remarks and a Discussion at the Closing Session of the Fiscal Responsibility Summit,Barack Obama,2009-02-23,our church gave a sermon that was based on the parable of the sower--the sower of the seeds you may recall that in your--some of the seeds were sown in stony ground and rough ground and some of the seeds were sown in places that had thorns some of the seeds were son in the--in shallow soil and nothing much came out of it but some of the seeds were sown in fertile soil and multiplied a hundredfold,Matthew 13:8,"But other fell into good ground, and brought forth fruit, some an hundredfold, some sixtyfold, some thirtyfold.",0.5282165494644848,TRUE,,0.9
985,3147824746638423259,Secretary of Labor Remarks at the Swearing In of F. Ray Marshall.,Jimmy Carter,1977-01-27,confirmed and i think as griffin bell did yesterday in symbolizing his own administration by opening the steel doors you can use a bible verse that the last shall be first that's typical of what the labor department has to do i was quite interested in the attitude and competence and general thrust of the,Matthew 19:30,But many that are first shall be last; and the last shall be first.,0.5470102149630849,TRUE,,0.9
989,3150207763253136629,Remarks at the National Prayer Breakfast,William J. Clinton,1998-02-05,numerous to count or number so give your servant a discerning heart to govern your people and to distinguish between right and wrong for who is able to govern this great people of yours i also ask for your prayers as we work together to continue to take our country to higher ground and to,1 Kings 3:9,"Give therefore thy servant an understanding heart to judge thy people, that I may discern between good and bad: for who is able to judge this thy so great a people?",0.8821311487392363,TRUE,,0.95
1003,3163306328654787548,"Remarks During a Briefing on Response Efforts to Flooding in Eastern Kentucky in Lost Creek, Kentucky","Joseph R. Biden, Jr.",2022-08-08,the people of east kentucky shines through i'm reminded of the scripture that says we are oppressed but not crushed persecuted not abandoned struck down but not destroyed so the people of this region are doing yeoman's work in cleaning up reorganizing their lives all the while being helped by angels like in this room,2 Corinthians 4:9,"Persecuted, but not forsaken; cast down, but not destroyed;",0.899073531733351,TRUE,,0.95
1006,3167433820380468729,Remarks on the Courthouse Steps in Peoria,Lyndon B. Johnson,1964-10-07,to give any of those rights up working together republicans and independents and democrats alike we shall go forward to the greatest goal peace on earth good will toward men the road to peace is not an easy one it is fraught with many perils it has many side turns there are no short cuts,Luke 2:14,"Glory to God in the highest, and on earth peace, good will toward men.",0.9388166711001912,TRUE,,0.95
1036,3200147321676472146,Radio Address Opening the Community Chest Campaign.,Harry S Truman,1947-09-26,comfort our stricken neighbor whoever he may be spoke words as true today as when he uttered them more than nineteen hundred years ago inasmuch as ye have done it unto one of the least of these my brethren ye have done it unto me the red feather services supported by our gifts to the community chest benefit not one group of people--they benefit all of us for the plain,Matthew 25:40,"And the King shall answer and say unto them, Verily I say unto you, Inasmuch as ye have done it unto one of the least of these my brethren, ye have done it unto me.",0.984839558033336,TRUE,,1.0
1042,3206480658294301282,"Remarks at a ""My Brother's Keeper"" Initiative Town Hall Meeting and a Question-and-Answer Session at the Walker-Jones Education Campus",Barack Obama,2014-07-21,into it when i talk to young people who are thinking about parenthood or thinking about families i try to describe there is no greater joy than being in your children's lives and then seeing them turn out well seeing them happy and succeeding and focused and just being good,3 John 1:4,I have no greater joy than to hear that my children walk in truth.,0.6770632992620527,TRUE,,0.9
1048,3211632617539554250,"Address at Denton, Maryland",Franklin D. Roosevelt,1938-09-05,is trying to make the farmer forget that the people in the cities who like him labor for their daily bread are his own people flesh of his flesh and blood of his blood americans just like him this is my fourth visit to the eastern shore since 1933 perhaps more visits than any other,Matthew 6:11,"Give us this day our daily bread.",0.3411896956829957,TRUE,,0.9
1069,3232414852238468378,Remarks at City Hall in Los Angeles,Lyndon B. Johnson,1964-10-28,all of our patience to the greatest undertaking in the world and what is that bringing the peoples of the earth together in enduring peace love thy neighbor as thyself do unto others as you would have them do unto you no matter how long it may take no matter how difficult it is this,Galatians 5:14,"For all the law is fulfilled in one word, even in this; Thou shalt love thy neighbour as thyself.",0.3795698896251188,TRUE,,0.7
1085,3261205543384472052,"Address on the One Hundredth Anniversary of the Virginia Military Institute. Lexington, Virginia.",Franklin D. Roosevelt,1939-11-11,the unknown soldier at arlington we as a nation like v.m.i are determined to pursue our way within the scriptural command not to remove the ancient landmarks which thy fathers have set and like our ancestors we work for peace we pray for peace and we arm for peace the whole history of v.m.i is,Proverbs 22:28,"Remove not the ancient landmark, which thy fathers have set.",0.2428792907260798,TRUE,,0.9
1108,3277670781046770875,Remarks at the National Museum of African American History and Culture,Donald J. Trump (1st Term),2017-02-21,luther king jr in 1955 he told the world we are determined to work and fight until justice runs down like water and righteousness like a mighty stream and that's what it's going to be we're going to bring this country together maybe bring some of the world together but we're going to bring this,Amos 5:24,"But let judgment run down as waters, and righteousness as a mighty stream.",0.2356886638285801,TRUE,,0.9
1157,3327609270476806449,Remarks to the 30th Biennial Greek Orthodox Church Clergy-Laity Congress,George Bush,1990-07-12,have often spoken of hope as a thousand points of light ablaze in the black sky and so i was struck by this conference's theme walk as children of light i noticed how this first began in ephesians for you were once darkness but now you are light eastern europe was once in dark bondage and now begins to see by the pale glow of a new dawn it's like,Ephesians 5:8,"For ye were sometimes darkness, but now are ye light in the Lord: walk as children of light:",0.9517711107582972,TRUE,,0.95
1173,3336814363972225393,Interview With Jerry Rankin of the Santa Barbara News-Press,Ronald Reagan,1985-02-13,president no no not at all q you don't feel out of touch at all the president i cite the passage and i look to the hills from whence cometh my strength the president's retirement plans q i assume that you and mrs reagan have given some thought to what happens in that glorious day,Psalms 121:1,"I will lift up mine eyes unto the hills, from whence cometh my help.",0.7871396628080599,TRUE,,0.95
1202,3369453142920616122,Remarks on Lighting the National Community Christmas Tree,Ronald Reagan,1983-12-15,of lebanon to the dmz in korea families maintaining a constant vigil for their missing in action and millions forbidden the freedom to worship a god who so loved the world that he gave us the birth of the christ child so that we might learn to love each other i know they would welcome your expressions of love and,John 3:16,"For God so loved the world, that he gave his only begotten Son, that whosoever believeth in him should not perish, but have everlasting life.",0.1404162218613135,TRUE,,0.9
1309,3453547710170590149,Remarks at the Presentation Ceremony for the Young American Medals for Bravery and Service,Ronald Reagan,1987-11-13,our land from the time the pilgrims first bowed their heads to thank the lord for his bounty to this day you only need eyes to see and ears to hear for there are signs of the love the courage the hope and the generosity of the american heart at every bend in every road,Deuteronomy 29:4,"Yet the LORD hath not given you an heart to perceive, and eyes to see, and ears to hear, unto this day.",0.950081000666012,TRUE,,0.9
1324,3467910654348973049,Remarks to the American Israel Public Affairs Committee Policy Conference,William J. Clinton,1996-04-28,and around the world we will not rest from these efforts until in the words of the psalm we shall not be afraid of the terror by night nor for the arrow that flies by day when i was in jerusalem last month i placed a small symbol of the extraordinary bond of solidarity between the united states and israel,Psalms 91:5,Thou shalt not be afraid for the terror by night; nor for the arrow that flieth by day;,0.9963341202994894,TRUE,,1.0
1375,3497953584880990276,Radio Address to the Nation on Education,Ronald Reagan,1983-04-30,and at the federal level we must make sure we have put our children first and that their education is a top priority train up a child in the way he should go solomon wrote and when he is old he will not depart from it well that's the god-given responsibility of each parent and the trust of every child it is a compact between generations we must be sure,Proverbs 22:6,"Train up a child in the way he should go: and when he is old, he will not depart from it.",0.9784580786946464,TRUE,,0.95
1404,3519669256688844629,Remarks Following Discussions With Pope John Paul II in Denver,William J. Clinton,1993-08-12,characterizes his work and i hope in due time will characterize the work that we are doing here the exhortation in st paul's letter to the galatians let us not grow weary while doing good for in due season we shall reap if we do not lose heart thank you your holiness for your heart and your efforts note the president spoke at 5:20 p.m at regis university william j,Galatians 6:9,"And let us not be weary in well doing: for in due season we shall reap, if we faint not.",0.9085037717300924,TRUE,,0.95
1405,3519796962187517397,Remarks at the White House Correspondents Dinner,William J. Clinton,1994-04-23,to have these dinners where we can laugh at ourselves and at one another to fulfill the admonition of proverbs that a happy heart doeth good like medicine and a broken spirit dryeth the bones sometimes i think we forget that and we can too easily get carried away with our honest differences doing our,Proverbs 17:22,A merry heart doeth good like a medicine: but a broken spirit drieth the bones.,0.973637626797009,TRUE,,0.95
1439,3566939876446791396,"Remarks at a ""Salute to President Johnson"" Dinner in Cleveland",Lyndon B. Johnson,1964-10-08,the leader of the world and the most important thing in the world is not this election the most important thing in the world is peace and good will toward men--that little five letter word p-e-a-c-e you don't get peace by rattling your rockets you don't get peace by threatening to drop your bombs you,Luke 2:14,"Glory to God in the highest, and on earth peace, good will toward men.",0.550668932733152,TRUE,,0.9
1442,357295289013220448,"Remarks at the Twelfth Annual Crime Stoppers International Conference in Louisville, Kentucky",George Bush,1991-10-02,"deserve the best toughest anticrime package that we can produce no more loopholes no more rolls of the dice no more delays listen to these words the land is full of bloody crimes and the city is full of violence the prophet ezekiel wrote that over 2,000 years ago the battle between good and evil still rages but our crime bill and your work your",Ezekiel 7:23,"Make a chain: for the land is full of bloody crimes, and the city is full of violence.",0.9660876467812902,TRUE,,0.95
1443,3572960600396021135,Remarks at the Young Leadership Conference of the United Jewish Appeal,Ronald Reagan,1984-03-12,has made significant headway in rebuilding our defenses and making america more secure perhaps you remember the 29th psalm in which king david said the lord will give strength to his people the lord will bless his people with peace well today america once again recognizes that peace and strength are inseparable but we've only begun to repair past damage make no mistake if we,Psalms 29:11,The LORD will give strength unto his people; the LORD will bless his people with peace.,0.9809748505799664,TRUE,,0.95
1447,3580260593837271153,Remarks Upon Lighting the National Community Christmas Tree,Harry S Truman,1952-12-24,a child was born in a stable a star hovered over drawing wise men from afar shepherds in a field heard angels singing glory to god in the highest and on earth peace good will toward men that was the first christmas and it was god's great gift to us this is a wonderful story year after year it brings,Luke 2:14,"Glory to God in the highest, and on earth peace, good will toward men.",0.9819951301077788,TRUE,,0.95
1448,3580260593837271153,Remarks Upon Lighting the National Community Christmas Tree,Harry S Truman,1952-12-24,peace and tranquility to troubled hearts in a troubled world and tonight the earth seems hushed as we turn to the old old story of how god so loved the world that he gave his only begotten son that whosoever believeth in him should not perish but have everlasting life tonight our hearts turn first of all to our brave men and women in korea they are fighting and suffering and even dying that we,John 3:16,"For God so loved the world, that he gave his only begotten Son, that whosoever believeth in him should not perish, but have everlasting life.",0.9546311889135036,TRUE,,0.9
1462,3580260593837271153,Remarks Upon Lighting the National Community Christmas Tree,Harry S Truman,1952-12-24,and women in korea and all our service men and women wherever they are--let us also pray for our enemies let us pray that the spirit of god shall enter their lives and prevail in their lands let us pray for a fulfillment of the brotherhood of man through jesus christ the world will yet,Romans 8:14,"For as many as are led by the Spirit of God, they are the sons of God.",0.9302495018992936,TRUE,,0.9
1464,3581349357708486844,"Remarks at the White House Conference on Faith-Based and Community Initiatives in Philadelphia, Pennsylvania",George W. Bush,2002-12-12,of compassion which is found here i'm honored to spend the time with you all i thank you for your interest in our country you love god with all your heart and all your soul and all your strength you love your neighbor and by the works that come from your faith you are building,Matthew 22:37,"Jesus said unto him, Thou shalt love the Lord thy God with all thy heart, and with all thy soul, and with all thy mind.",0.3627019093536507,TRUE,,0.8
1477,3593600874990056875,"Remarks at the Annual Convention of the National Association of Broadcasters in Atlanta, Georgia",George Bush,1990-04-02,nestled in the green hills along the rhine river and it was while i was there that i appreciated anew the biblical expression in the beginning was the word for it was in that german town that the inventor of the printing press johann gutenberg first put the scholarship of the ages into the hands,John 1:1,"In the beginning was the Word, and the Word was with God, and the Word was God.",0.644063855022339,TRUE,,0.9
1489,3604600377408117667,Commencement Address at the University of Pennsylvania.,Gerald R. Ford,1975-05-18,our defenses as a symbol of our undiminished devotion to peace and a lawful world--and we will finally perhaps more importantly we must declare again the brotherly love in which this great commonwealth was founded we must learn to trust one another and to help one another we must pledge anew to one another our,Romans 12:10,Be kindly affectioned one to another with brotherly love; in honour preferring one another;,0.8992528008562295,TRUE,,0.9
1497,3619833608540525711,Remarks on the 40th Anniversary of the Civil Rights Act of 1964,George W. Bush,2004-07-01,on the side of equality and as dr king reminded us we must not rest until the day when justice rolls down like waters and righteousness like a mighty stream i'm honored you all are here today we'll have a reception on the other side of this beautiful house thank you for coming may god,Amos 5:24,"But let judgment run down as waters, and righteousness as a mighty stream.",0.9343902543429468,TRUE,,0.95
1509,3629379607044447213,Remarks at the Republican Party of Florida Majority Dinner in Orlando,George W. Bush,2002-06-21,to achieving peace and at home-and at home i believe that out of the evil is coming incredible good people say what can i do to help you can love your neighbor like you'd like to be loved yourself if you want to fight evil do some good you see it's the million acts of,Matthew 22:39,"And the second is like unto it, Thou shalt love thy neighbour as thyself.",0.7757950965962314,TRUE,,0.8
1518,3636144921672186704,"Toasts at a Dinner Honoring President Carter in Jerusalem, Israel",Jimmy Carter,1979-03-11,the entire world a man needs profound faith and constant prayer it is our profound conviction mr president that you have within you that fountain of living waters from which you can draw a never-failing source of inner faith by your side is your devoted helpmate a loyal partner in your joys and sorrow in,Jeremiah 2:13,"For my people have committed two evils; they have forsaken me the fountain of living waters, and hewed them out cisterns, broken cisterns, that can hold no water.",0.1137762900404891,TRUE,,0.8
1523,3643440283482471438,"Address in Wilmington, Delaware Accepting Election as the 46th President of the United States","Joseph R. Biden, Jr.",2020-11-07,opponents as our enemies they are not our enemies they are americans they're americans the bible tells us to everything there is a season a time to build a time to reap and a time to sow and a time to heal this is the time to heal in america now this campaign is over what is the will of the people what is our mandate i believe it's this america has called upon us,Ecclesiastes 3:1,"To every thing there is a season, and a time to every purpose under the heaven:",0.2493560547605206,TRUE,,0.9
1523,3643440283482471438,"Address in Wilmington, Delaware Accepting Election as the 46th President of the United States","Joseph R. Biden, Jr.",2020-11-07,opponents as our enemies they are not our enemies they are americans they're americans the bible tells us to everything there is a season a time to build a time to reap and a time to sow and a time to heal this is the time to heal in america now this campaign is over what is the will of the people what is our mandate i believe it's this america has called upon us,Ecclesiastes 3:3,"A time to kill, and a time to heal; a time to break down, and a time to build up;",0.2493560547605206,TRUE,,0.9
1533,3650294164554349470,Remarks at the Annual National Prayer Breakfast,Jimmy Carter,1979-01-18,believers in god have not lost our hope and will continue to be bold and later on in the same chapter of second corinthians he says where the spirit of the lord is there is freedom where the spirit of the lord is there is freedom there's no incompatibility between gentleness and boldness there's no incompatibility between the constraints and the shackles on our lives by standards prescribed by god on the one hand and the ultimate freedom that can come when the spirit of the lord is present note the president spoke at 8:52 a.m in the international ballroom at the washington hilton hotel the breakfast is sponsored by the united states senate and,2 Corinthians 3:17,"Now the Lord is that Spirit: and where the Spirit of the Lord is, there is liberty.",0.9281913587357066,TRUE,,0.9
